date,HPG,TCB,FPT,PNJ,FRT,MWG,MBB,VNINDEX
15/09/2022,23600.0,36600.0,0.0,81166.61242963339,0.0,73197.52851585783,0.0,1245.66
16/09/2022,23000.0,36000.0,0.0,81621.30378840794,0.0,71315.58935239194,0.0,1234.03
19/09/2022,22650.0,35050.0,0.0,80756.06028535061,0.0,69829.84790755044,0.0,1205.43
20/09/2022,23000.0,35050.0,0.0,81477.09653789838,0.0,71018.44106342364,0.0,1218.93
21/09/2022,22900.0,34500.0,0.0,82126.02916519137,0.0,69334.60075926995,0.0,1210.55
22/09/2022,23000.0,34550.0,0.0,82198.13279044615,0.0,69433.65018892604,0.0,1214.7
23/09/2022,22700.0,34200.0,0.0,82126.02916519137,0.0,68740.30418133334,0.0,1203.28
26/09/2022,22400.0,33250.0,0.0,80107.12765805761,0.0,67353.61216614794,0.0,1174.35
27/09/2022,22400.0,33500.0,0.0,80107.12765805761,0.0,66462.16729924304,0.0,1166.54
28/09/2022,21800.0,33250.0,0.0,80035.02403280283,0.0,64382.12927646495,0.0,1143.62
29/09/2022,21650.0,33000.0,0.0,80035.02403280283,0.0,63391.63497990395,0.0,1126.07
30/09/2022,21200.0,32500.0,0.0,77150.87902261174,0.0,63391.63497990395,0.0,1132.11
03/10/2022,19750.0,30250.0,0.0,71815.21075375822,0.0,59033.46007503555,0.0,1086.44
04/10/2022,18850.0,30300.0,0.0,71022.07087595567,0.0,60420.15209022095,0.0,1078.14
05/10/2022,19200.0,30500.0,0.0,73834.11226089198,0.0,61608.74524609415,0.0,1104.26
06/10/2022,18000.0,29300.0,0.0,74122.5267619111,0.0,57448.66920053795,0.0,1074.52
07/10/2022,17600.0,27250.0,0.0,74266.73401242065,0.0,53486.69201429396,0.0,1035.91
10/10/2022,18350.0,25800.0,0.0,75708.80651751619,0.0,56557.22433363305,0.0,1042.48
11/10/2022,17500.0,24000.0,0.0,75420.39201649708,0.0,54873.38402947936,0.0,1006.2
12/10/2022,18700.0,24800.0,0.0,75708.80651751619,0.0,56953.42205225745,0.0,1034.81
13/10/2022,19500.0,25300.0,0.0,75348.28839124231,0.0,57052.47148191356,0.0,1050.99
14/10/2022,19450.0,25700.0,0.0,75780.91014277097,0.0,59330.60836400385,0.0,1061.85
17/10/2022,19250.0,25100.0,0.0,75708.80651751619,0.0,58340.11406744285,0.0,1051.58
18/10/2022,18850.0,25300.0,0.0,76429.84277006397,0.0,58439.16349709895,0.0,1063.66
19/10/2022,18400.0,25200.0,0.0,77511.39714888563,0.0,58439.16349709895,0.0,1060.07
20/10/2022,18100.0,24600.0,0.0,77583.5007741404,0.0,57844.86691916235,0.0,1058.45
21/10/2022,16900.0,22900.0,0.0,75492.49564175186,0.0,53882.88973291835,0.0,1019.82
24/10/2022,16400.0,21300.0,0.0,73185.179633599,0.0,50119.01140598656,0.0,986.15
25/10/2022,17100.0,21300.0,0.0,73257.28325885377,0.0,51505.70342117196,0.0,997.7
26/10/2022,16900.0,21400.0,0.0,74555.14851343975,0.0,51406.65399151586,0.0,993.36
27/10/2022,17400.0,22850.0,0.0,74699.35576394931,0.0,52793.34600670126,0.0,1028.01
28/10/2022,16800.0,24400.0,0.0,75353.33845304255,0.0,52694.29657704516,0.0,1027.36
31/10/2022,15650.0,24600.0,0.0,75062.67948118897,0.0,51109.50570254755,0.0,1027.94
01/11/2022,15000.0,25650.0,0.0,73827.37885081122,0.0,49623.76425770606,0.0,1033.75
02/11/2022,15350.0,25200.0,0.0,73464.05513599423,0.0,47543.72623492796,0.0,1023.19
03/11/2022,15200.0,25850.0,0.0,74118.0378226648,0.0,49029.46767976946,0.0,1019.81
04/11/2022,14650.0,25500.0,0.0,68958.84107226363,0.0,45612.26235663401,0.0,997.15
07/11/2022,13700.0,23750.0,0.0,69394.82953004401,0.0,42442.68060763882,0.0,975.19
08/11/2022,13150.0,24150.0,0.0,70412.13593153156,0.0,44176.04562662057,0.0,981.65
09/11/2022,13000.0,24350.0,0.0,70702.79490338515,0.0,45067.49049352546,0.0,985.59
10/11/2022,12100.0,22750.0,0.0,70484.80067449497,0.0,41947.43345935831,0.0,947.24
11/11/2022,12300.0,22800.0,0.0,70630.13016042176,0.0,42591.25475212296,0.0,954.53
14/11/2022,12200.0,22200.0,0.0,70194.14170264137,0.0,40263.59315520462,0.0,941.04
15/11/2022,12500.0,20700.0,0.0,68377.52312855645,0.0,37490.20912483382,0.0,911.9
16/11/2022,13350.0,22100.0,0.0,70484.80067449497,0.0,40065.49429589241,0.0,942.9
17/11/2022,14250.0,22950.0,0.0,72664.74296339687,0.0,41402.66159624977,0.0,969.26
18/11/2022,15100.0,22700.0,0.0,72737.40770636026,0.0,41749.33460004612,0.0,969.33
21/11/2022,14950.0,22250.0,0.0,74190.7025656282,0.0,40263.59315520462,0.0,960.65
22/11/2022,14800.0,21850.0,0.0,74844.68525229878,0.0,39817.87072175217,0.0,952.12
23/11/2022,13800.0,22000.0,0.0,76806.63331231049,0.0,40115.01901072047,0.0,946.0
24/11/2022,14350.0,22150.0,0.0,77024.62754120068,0.0,37341.63498034967,0.0,947.71
25/11/2022,15300.0,23000.0,0.0,77169.95702712747,0.0,37440.68441000577,0.0,971.46
28/11/2022,16350.0,24600.0,0.0,79204.56983010258,0.0,39768.34600692412,0.0,1005.69
29/11/2022,17400.0,25200.0,0.0,81965.83006271167,0.0,42393.15589281076,0.0,1032.16
30/11/2022,18400.0,25900.0,0.0,82474.48326345545,0.0,43680.79847834006,0.0,1048.42
01/12/2022,18200.0,27400.0,0.0,81384.51211900449,0.0,43631.27376351201,0.0,1036.28
02/12/2022,19450.0,28800.0,0.0,83564.45440790639,0.0,46553.23193836696,0.0,1080.01
05/12/2022,20000.0,29000.0,0.0,83491.789664943,0.0,47147.52851630356,0.0,1093.67
06/12/2022,18600.0,27050.0,0.0,80730.52943233392,0.0,43928.42205248032,0.0,1048.69
07/12/2022,18250.0,26400.0,0.0,78986.57560121239,0.0,44423.66920076081,0.0,1041.02
08/12/2022,18900.0,28200.0,0.0,80657.86468937053,0.0,45562.73764180596,0.0,1050.53
09/12/2022,19200.0,28250.0,0.0,81311.8473760411,0.0,45760.83650111816,0.0,1051.81
12/12/2022,18600.0,27200.0,0.0,81239.1826330777,0.0,45463.68821214986,0.0,1032.07
13/12/2022,19000.0,28800.0,0.0,81747.83583382147,0.0,45958.93536043036,0.0,1047.45
14/12/2022,19200.0,28800.0,0.0,82111.15954863846,0.0,46008.46007525841,0.0,1050.43
15/12/2022,19350.0,29500.0,0.0,82111.15954863846,0.0,46553.23193836696,0.0,1055.32
16/12/2022,20400.0,29150.0,0.0,82038.49480567506,0.0,47395.15209044381,0.0,1052.48
19/12/2022,20000.0,29250.0,0.0,81384.51211900449,0.0,46701.80608285111,0.0,1038.4
20/12/2022,19000.0,27700.0,0.0,80294.54097455354,0.0,46057.98479008646,0.0,1023.13
21/12/2022,18900.0,27700.0,0.0,79640.55828788297,0.0,45958.93536043036,0.0,1018.88
22/12/2022,18900.0,27700.0,0.0,79204.56983010258,0.0,46057.98479008646,0.0,1022.61
23/12/2022,18350.0,27600.0,0.0,78913.910858249,0.0,45364.63878249376,0.0,1020.34
26/12/2022,17100.0,25700.0,0.0,78477.92240046861,0.0,42195.05703349857,0.0,985.21
27/12/2022,18250.0,26300.0,0.0,78477.92240046861,0.0,43383.65018937177,0.0,1004.57
28/12/2022,18200.0,26150.0,0.0,79931.21725973656,0.0,42591.25475212296,0.0,1015.66
29/12/2022,18000.0,25950.0,0.0,83322.23859594535,0.0,42492.20532246686,0.0,1009.29
30/12/2022,18000.0,25850.0,0.0,87100.80522994752,0.0,42492.20532246686,0.0,1007.09
03/01/2023,19250.0,27450.0,0.0,86713.25993415243,0.0,43532.22433385591,0.0,1043.9
04/01/2023,19400.0,27300.0,0.0,86228.82831440856,0.0,43086.50190040346,0.0,1046.35
05/01/2023,19800.0,27650.0,0.0,86713.25993415243,0.0,43185.55133005956,0.0,1055.82
06/01/2023,19400.0,27700.0,0.0,86030.47836367426,0.0,42739.82889660711,0.0,1051.44
09/01/2023,19600.0,27750.0,0.0,86030.47836367426,0.0,41600.76045556196,0.0,1054.21
10/01/2023,19800.0,27450.0,0.0,85835.39791387001,0.0,41798.85931487416,0.0,1053.35
11/01/2023,20200.0,27650.0,0.0,84664.91521504452,0.0,42145.53231867051,0.0,1055.76
12/01/2023,20050.0,27850.0,0.0,83884.5934158275,0.0,41699.80988521806,0.0,1056.39
13/01/2023,19950.0,27800.0,0.0,84177.21409053389,0.0,41650.28517039002,0.0,1060.17
16/01/2023,20250.0,28100.0,0.0,85347.69678935938,0.0,41501.71102590587,0.0,1066.68
17/01/2023,21650.0,29000.0,0.0,85835.39791387001,0.0,42640.77946695101,0.0,1088.29
18/01/2023,21700.0,29100.0,0.0,86323.09903838063,0.0,44522.71863041692,0.0,1098.28
19/01/2023,21150.0,29100.0,0.0,86713.25993798913,0.0,45166.53992318156,0.0,1108.08
27/01/2023,21500.0,29050.0,0.0,91687.8114079975,0.0,45463.68821214986,0.0,1117.1
30/01/2023,21750.0,28700.0,0.0,89932.08735975926,0.0,45760.83650111816,0.0,1102.57
31/01/2023,22100.0,29400.0,0.0,87981.28286171675,0.0,46057.98479008646,0.0,1111.18
01/02/2023,21100.0,28200.0,0.0,84567.37499014239,0.0,46652.28136802306,0.0,1075.97
02/02/2023,21300.0,28000.0,0.0,83396.89229131688,0.0,49425.66539839386,0.0,1077.59
03/02/2023,21100.0,27100.0,0.0,80080.52464464464,0.0,47345.62737561576,0.0,1077.15
06/02/2023,21150.0,27950.0,0.0,81738.70846798076,0.0,46701.80608285111,0.0,1089.29
07/02/2023,19750.0,27400.0,0.0,81055.92689366588,0.0,45265.58935283766,0.0,1065.84
08/02/2023,20850.0,27850.0,0.0,80860.84644386164,0.0,44076.99619696446,0.0,1072.22
09/02/2023,20600.0,27300.0,0.0,80860.84644386164,0.0,43581.74904868397,0.0,1064.03
10/02/2023,20500.0,26950.0,0.0,81251.00734347013,0.0,41699.80988521806,0.0,1055.3
13/02/2023,20200.0,26600.0,0.0,81446.08779327439,0.0,42096.00760384247,0.0,1043.7
14/02/2023,20600.0,26850.0,0.0,80080.52464464464,0.0,42096.00760384247,0.0,1038.64
15/02/2023,20800.0,27400.0,0.0,79982.98441974251,0.0,42343.63117798272,0.0,1048.2
16/02/2023,21300.0,27900.0,0.0,80568.22576915527,0.0,42888.40304109127,0.0,1058.29
17/02/2023,21000.0,27800.0,0.0,80958.38666876376,0.0,42838.87832626321,0.0,1059.31
20/02/2023,21900.0,28600.0,0.0,82421.49004229564,0.0,43878.89733765226,0.0,1086.69
21/02/2023,21600.0,28400.0,0.0,82421.49004229564,0.0,44076.99619696446,0.0,1082.23
22/02/2023,21200.0,27500.0,0.0,80958.38666876376,0.0,42591.25475212296,0.0,1054.28
23/02/2023,21500.0,27950.0,0.0,80080.52464464464,0.0,42591.25475212296,0.0,1053.66
24/02/2023,20800.0,27250.0,0.0,79007.58217072126,0.0,41699.80988521806,0.0,1039.56
27/02/2023,20100.0,27000.0,0.0,74228.11115051713,0.0,40115.01901072047,0.0,1021.25
28/02/2023,20000.0,26500.0,0.0,75008.43294973414,0.0,39619.77186243996,0.0,1024.68
01/03/2023,20900.0,27300.0,0.0,75691.214524049,0.0,40412.16729968876,0.0,1040.55
02/03/2023,20600.0,27200.0,0.0,78324.80059640638,0.0,39916.92015140827,0.0,1037.61
03/03/2023,20350.0,26800.0,0.0,77446.93857228725,0.0,39025.47528450337,0.0,1024.77
06/03/2023,20400.0,27200.0,0.0,76569.07654816813,0.0,39025.47528450337,0.0,1027.18
07/03/2023,21100.0,27100.0,0.0,77349.39834738514,0.0,39322.62357347167,0.0,1037.84
08/03/2023,21200.0,27300.0,0.0,78032.17992170001,0.0,39025.47528450337,0.0,1049.18
09/03/2023,21200.0,27800.0,0.0,77934.63969679788,0.0,39619.77186243996,0.0,1055.95
10/03/2023,21300.0,27150.0,0.0,77056.77767267876,0.0,39372.14828829972,0.0,1053.0
13/03/2023,21100.0,26750.0,0.0,78227.26037150426,0.0,39025.47528450337,0.0,1052.8
14/03/2023,20300.0,26300.0,0.0,78714.96149601489,0.0,38233.07984725456,0.0,1040.13
15/03/2023,21300.0,27200.0,0.0,78812.501720917,0.0,39619.77186243996,0.0,1062.19
16/03/2023,20850.0,26750.0,0.0,78519.88104621063,0.0,39025.47528450337,0.0,1047.4
17/03/2023,20400.0,26650.0,0.0,77056.77767267876,0.0,39025.47528450337,0.0,1045.14
20/03/2023,20000.0,26250.0,0.0,78032.17992170001,0.0,37737.83269897407,0.0,1023.1
21/03/2023,20450.0,26350.0,0.0,77056.77767267876,0.0,38134.03041759847,0.0,1032.43
22/03/2023,20300.0,26200.0,0.0,76959.23744777663,0.0,37589.25855448992,0.0,1040.54
23/03/2023,20400.0,26200.0,0.0,76569.07654816813,0.0,37440.68441000577,0.0,1045.1
24/03/2023,20400.0,26450.0,0.0,77056.77767267876,0.0,37589.25855448992,0.0,1046.79
27/03/2023,20800.0,26500.0,0.0,76276.45587346176,0.0,37737.83269897407,0.0,1052.25
28/03/2023,20700.0,27550.0,0.0,75886.29497385326,0.0,38728.32699553507,0.0,1054.29
29/03/2023,20800.0,28000.0,0.0,75105.97317463625,0.0,38332.12927691067,0.0,1056.33
30/03/2023,20800.0,27700.0,0.0,75788.75474895113,0.0,38233.07984725456,0.0,1059.44
31/03/2023,20800.0,28350.0,0.0,75788.75474895113,0.0,38183.55513242652,0.0,1064.64
03/04/2023,21000.0,29300.0,0.0,74910.89272483201,0.0,38629.27756587897,0.0,1079.28
04/04/2023,21100.0,29500.0,0.0,74715.81227502775,0.0,39421.67300312777,0.0,1078.45
05/04/2023,21500.0,29500.0,0.0,75398.59384934264,0.0,39372.14828829972,0.0,1080.86
06/04/2023,21500.0,29600.0,0.0,74910.89272483201,0.0,38728.32699553507,0.0,1070.91
07/04/2023,21200.0,29550.0,0.0,74618.27205012564,0.0,38629.27756587897,0.0,1069.71
10/04/2023,20700.0,30200.0,0.0,75301.05362444051,0.0,40610.26615900097,0.0,1065.35
11/04/2023,20800.0,30400.0,0.0,76666.61677307026,0.0,40313.11787003266,0.0,1069.46
12/04/2023,20750.0,30700.0,0.0,75983.83519875539,0.0,40362.64258486072,0.0,1069.45
13/04/2023,20450.0,30200.0,0.0,75105.97317463625,0.0,40659.79087382901,0.0,1064.3
14/04/2023,20650.0,28900.0,0.0,75691.214524049,0.0,39619.77186243996,0.0,1052.89
17/04/2023,20850.0,29450.0,0.0,76178.91564855963,0.0,39471.19771795582,0.0,1053.81
18/04/2023,20950.0,29150.0,0.0,76276.45587346176,0.0,39570.24714761192,0.0,1055.02
19/04/2023,20800.0,29000.0,0.0,76081.3754236575,0.0,40115.01901072047,0.0,1048.98
20/04/2023,20800.0,28850.0,0.0,75398.59384934264,0.0,40015.96958106437,0.0,1049.25
21/04/2023,20700.0,28700.0,0.0,75105.97317463625,0.0,38926.42585484726,0.0,1042.91
24/04/2023,20650.0,29500.0,0.0,74618.27205012564,0.0,38034.98098794237,0.0,1041.36
25/04/2023,21050.0,29000.0,0.0,73642.86980110439,0.0,37341.63498034967,0.0,1034.85
26/04/2023,22000.0,30000.0,0.0,73740.4100260065,0.0,38034.98098794237,0.0,1040.8
27/04/2023,21700.0,29900.0,0.0,73837.95025090863,0.0,38282.60456208262,0.0,1039.63
28/04/2023,21650.0,29500.0,0.0,75105.97317463625,0.0,38827.37642519117,0.0,1049.12
04/05/2023,21300.0,29050.0,0.0,74228.11115051713,0.0,37539.73383966187,0.0,1040.61
05/05/2023,21450.0,28700.0,0.0,74325.65137541926,0.0,37440.68441000577,0.0,1040.31
08/05/2023,21600.0,29400.0,0.0,74033.03070071289,0.0,37490.20912483382,0.0,1053.44
09/05/2023,21800.0,29300.0,0.0,73740.4100260065,0.0,37589.25855448992,0.0,1053.77
10/05/2023,21700.0,29300.0,0.0,73350.249126398,0.0,38629.27756587897,0.0,1058.26
11/05/2023,21750.0,29100.0,0.0,73155.16867659376,0.0,38332.12927691067,0.0,1057.12
12/05/2023,22350.0,29300.0,0.0,73155.16867659376,0.0,38629.27756587897,0.0,1066.9
15/05/2023,22100.0,29900.0,0.0,73350.249126398,0.0,38530.22813622287,0.0,1065.71
16/05/2023,22000.0,29800.0,0.0,72667.46755208314,0.0,38084.50570277042,0.0,1065.91
17/05/2023,21800.0,29250.0,0.0,72765.00777698527,0.0,37787.35741380212,0.0,1060.44
18/05/2023,21950.0,29550.0,0.0,71692.06530306189,0.0,37737.83269897407,0.0,1068.31
19/05/2023,21800.0,29650.0,0.0,70716.66305404063,0.0,37935.93155828627,0.0,1067.07
22/05/2023,21900.0,30500.0,0.0,70326.50215443214,0.0,38183.55513242652,0.0,1070.64
23/05/2023,21700.0,30350.0,0.0,70424.04237933426,0.0,37886.40684345822,0.0,1065.85
24/05/2023,21300.0,29800.0,0.0,69741.26080501938,0.0,37589.25855448992,0.0,1061.79
25/05/2023,21200.0,29800.0,0.0,69448.64013031301,0.0,37638.78326931797,0.0,1064.63
26/05/2023,21100.0,29900.0,0.0,70228.96192953,0.0,37836.88212863017,0.0,1063.76
29/05/2023,21450.0,30200.0,0.0,69643.72058011725,0.0,38332.12927691067,0.0,1074.98
30/05/2023,21350.0,30200.0,0.0,69351.09990541088,0.0,39025.47528450337,0.0,1078.05
31/05/2023,21200.0,29950.0,0.0,69156.01945560663,0.0,38827.37642519117,0.0,1075.17
01/06/2023,21400.0,30300.0,0.0,68570.77810619389,0.0,38926.42585484726,0.0,1078.39
02/06/2023,21600.0,32200.0,0.0,71204.36417855126,0.0,40412.16729968876,0.0,1090.84
05/06/2023,21650.0,31900.0,0.0,71887.14575286613,0.0,40808.36501831317,0.0,1097.82
06/06/2023,21750.0,32700.0,0.0,71009.283728747,0.0,41402.66159624977,0.0,1108.31
07/06/2023,22600.0,32600.0,0.0,70814.20327894276,0.0,41402.66159624977,0.0,1109.54
08/06/2023,22800.0,31750.0,0.0,70424.04237933426,0.0,40263.59315520462,0.0,1101.32
09/06/2023,22900.0,32400.0,0.0,70817.4727859244,0.0,41006.46387762536,0.0,1107.53
12/06/2023,22950.0,32700.0,0.0,71309.26079138221,0.0,42591.25475212296,0.0,1116.02
13/06/2023,23400.0,32800.0,0.0,72096.1216001147,0.0,42591.25475212296,0.0,1122.46
14/06/2023,23100.0,32600.0,0.0,71604.3335946569,0.0,41650.28517039002,0.0,1117.42
15/06/2023,23150.0,32650.0,0.0,72096.1216001147,0.0,41303.61216659367,0.0,1116.97
16/06/2023,23450.0,32550.0,0.0,71604.3335946569,0.0,40956.93916279732,0.0,1115.22
19/06/2023,23350.0,32100.0,0.0,71112.54558919909,0.0,41105.51330728146,0.0,1105.4
20/06/2023,23650.0,32150.0,0.0,71112.54558919909,0.0,42096.00760384247,0.0,1111.72
21/06/2023,24600.0,32500.0,0.0,71604.3335946569,0.0,42294.10646315466,0.0,1118.46
22/06/2023,24850.0,32600.0,0.0,73276.41281321345,0.0,42640.77946695101,0.0,1125.3
23/06/2023,25400.0,32900.0,0.0,74555.06162740375,0.0,42492.20532246686,0.0,1129.38
26/06/2023,25200.0,33300.0,0.0,75145.20723395312,0.0,43928.42205248032,0.0,1132.03
27/06/2023,25800.0,32950.0,0.0,74259.98882412906,0.0,43779.84790799616,0.0,1134.33
28/06/2023,26600.0,33300.0,0.0,73571.48561648813,0.0,43482.69961902787,0.0,1138.35
29/06/2023,25800.0,32650.0,0.0,73768.20081867125,0.0,42294.10646315466,0.0,1125.39
30/06/2023,26150.0,32350.0,0.0,73768.20081867125,0.0,42888.40304109127,0.0,1120.18
03/07/2023,26200.0,32000.0,0.0,72784.62480775564,0.0,42591.25475212296,0.0,1125.5
04/07/2023,26250.0,32000.0,0.0,72784.62480775564,0.0,42838.87832626321,0.0,1132.0
05/07/2023,26950.0,31950.0,0.0,72489.55200448095,0.0,42937.92775591931,0.0,1134.62
06/07/2023,27000.0,31550.0,0.0,71407.61839247377,0.0,42789.35361143517,0.0,1126.22
07/07/2023,27450.0,31550.0,0.0,70620.75758374127,0.0,45067.49049352546,0.0,1138.07
10/07/2023,27700.0,32000.0,0.0,72489.55200448095,0.0,47296.10266078771,0.0,1149.02
11/07/2023,27300.0,31950.0,0.0,73276.41281321345,0.0,48336.12167217676,0.0,1151.77
12/07/2023,27000.0,31650.0,0.0,72587.90960557251,0.0,48682.79467597311,0.0,1154.2
13/07/2023,27050.0,31950.0,0.0,76718.9288514181,0.0,48880.89353528531,0.0,1165.42
14/07/2023,27500.0,31950.0,0.0,77210.71685687591,0.0,48979.94296494141,0.0,1168.4
17/07/2023,27300.0,31900.0,0.0,78981.15367652402,0.0,48187.54752769261,0.0,1173.13
18/07/2023,27200.0,32300.0,0.0,78391.00806997465,0.0,47593.25094975601,0.0,1174.09
19/07/2023,27400.0,32300.0,0.0,77309.07445796746,0.0,48038.97338320846,0.0,1172.98
20/07/2023,28200.0,31900.0,0.0,77604.14726124216,0.0,48633.26996114506,0.0,1172.81
21/07/2023,28400.0,32300.0,0.0,78686.08087324933,0.0,52000.95056945246,0.0,1185.9
24/07/2023,28450.0,32450.0,0.0,77997.5776656084,0.0,53981.93916257445,0.0,1190.72
25/07/2023,28250.0,33500.0,0.0,79177.86887870714,0.0,53090.49429566955,0.0,1195.9
26/07/2023,28400.0,33450.0,0.0,80456.51769289744,0.0,52099.99999910856,0.0,1200.84
27/07/2023,28400.0,33100.0,0.0,79571.29928307339,0.0,54100.0,0.0,1197.33
28/07/2023,28300.0,33800.0,0.0,81243.37850162994,0.0,54500.0,0.0,1207.67
31/07/2023,28200.0,34300.0,0.0,81636.80890599618,0.0,53700.0,0.0,1222.9
01/08/2023,27500.0,34000.0,0.0,79669.65688416496,0.0,51700.0,0.0,1217.56
02/08/2023,27500.0,33900.0,0.0,80161.44488962275,0.0,51700.0,0.0,1220.43
03/08/2023,26850.0,33500.0,0.0,79964.72968743964,0.0,52700.0,0.0,1210.95
04/08/2023,27350.0,33600.0,0.0,79472.94168198183,0.0,53000.0,0.0,1225.98
07/08/2023,27550.0,34350.0,0.0,80849.9480972637,0.0,53800.0,0.0,1241.42
08/08/2023,27200.0,34000.0,0.0,80063.0872885312,0.0,53600.0,0.0,1242.23
09/08/2023,27800.0,34000.0,0.0,78981.15367652402,0.0,52600.0,0.0,1233.99
10/08/2023,27350.0,33500.0,0.0,77702.50486233372,0.0,52000.0,0.0,1220.61
11/08/2023,27700.0,33650.0,0.0,78095.93526669996,0.0,53300.0,0.0,1232.21
14/08/2023,28150.0,33800.0,0.0,78095.93526669996,0.0,54200.0,0.0,1236.84
15/08/2023,27950.0,34050.0,0.0,77702.50486233372,0.0,54000.0,0.0,1234.05
16/08/2023,27950.0,35300.0,0.0,78882.79607543246,0.0,53800.0,0.0,1243.26
17/08/2023,28100.0,34700.0,0.0,78882.79607543246,0.0,53900.0,0.0,1233.48
18/08/2023,26500.0,32500.0,0.0,77210.71685687591,0.0,50200.0,0.0,1177.99
21/08/2023,26200.0,32750.0,0.0,77702.50486233372,0.0,49000.0,0.0,1179.76
22/08/2023,26150.0,33100.0,0.0,77210.71685687591,0.0,50000.0,0.0,1180.49
23/08/2023,25650.0,33200.0,0.0,76227.1408459603,0.0,49700.0,0.0,1172.56
24/08/2023,26300.0,33800.0,0.0,76718.9288514181,0.0,50300.0,0.0,1189.39
25/08/2023,25950.0,33650.0,0.0,77014.00165469278,0.0,50500.0,0.0,1183.37
28/08/2023,26850.0,34000.0,0.0,78194.29286779153,0.0,51700.0,0.0,1201.72
29/08/2023,27000.0,33900.0,0.0,79079.51127761559,0.0,52900.0,0.0,1204.43
30/08/2023,27200.0,34000.0,0.0,79374.58408089027,0.0,53800.0,0.0,1213.16
31/08/2023,27600.0,34500.0,0.0,79177.86887870714,0.0,53800.0,0.0,1224.05
05/09/2023,27800.0,35000.0,0.0,79177.86887870714,0.0,54300.0,0.0,1234.98
06/09/2023,29000.0,35200.0,0.0,79768.01448525651,0.0,55000.0,0.0,1245.5
07/09/2023,28650.0,35750.0,0.0,82817.10011909493,0.0,55000.0,0.0,1243.14
08/09/2023,28750.0,35350.0,0.0,82620.3849169118,0.0,55500.0,0.0,1241.48
11/09/2023,28000.0,34550.0,0.0,82226.95451254556,0.0,54500.0,0.0,1223.63
12/09/2023,28750.0,35300.0,0.0,82226.95451254556,0.0,55800.0,0.0,1245.44
13/09/2023,28400.0,35000.0,0.0,81931.88170927086,0.0,57500.0,0.0,1238.39
14/09/2023,27800.0,34900.0,0.0,79866.37208634807,0.0,57300.0,0.0,1223.81
15/09/2023,27600.0,34900.0,0.0,80063.0872885312,0.0,55900.0,0.0,1227.36
18/09/2023,27600.0,34100.0,0.0,80161.44488962275,0.0,55000.0,0.0,1211.81
19/09/2023,28150.0,33900.0,0.0,79866.37208634807,0.0,55500.0,0.0,1211.5
20/09/2023,28400.0,34350.0,0.0,81341.7361027215,0.0,55800.0,0.0,1226.11
21/09/2023,28400.0,34300.0,0.0,81243.37850162994,0.0,54200.0,0.0,1212.74
22/09/2023,27300.0,34000.0,0.0,79669.65688416496,0.0,52100.0,0.0,1193.05
25/09/2023,26000.0,32800.0,0.0,78489.36567106622,0.0,51000.0,0.0,1153.2
26/09/2023,26200.0,32400.0,0.0,77210.71685687591,0.0,51500.0,0.0,1137.96
27/09/2023,26500.0,32600.0,0.0,77800.86246342528,0.0,52000.0,0.0,1153.85
28/09/2023,26600.0,33650.0,0.0,77210.71685687591,0.0,53000.0,0.0,1152.43
29/09/2023,26300.0,33650.0,0.0,77505.78966015059,0.0,52600.0,0.0,1154.15
02/10/2023,26200.0,33150.0,0.0,77604.14726124216,0.0,51900.0,0.0,1155.25
03/10/2023,24800.0,32500.0,0.0,76227.1408459603,0.0,49000.0,0.0,1118.1
04/10/2023,25250.0,32250.0,0.0,76325.49844705185,0.0,49200.0,0.0,1128.67
05/10/2023,24900.0,31800.0,0.0,76522.21364923498,0.0,47000.0,0.0,1113.89
06/10/2023,24950.0,32050.0,0.0,76718.9288514181,0.0,48300.0,0.0,1128.54
09/10/2023,25500.0,32100.0,0.0,78686.08087324933,0.0,47950.0,0.0,1137.36
10/10/2023,26000.0,32500.0,0.0,78194.29286779153,0.0,48850.0,0.0,1143.69
11/10/2023,26200.0,32600.0,0.0,78981.15367652402,0.0,49300.0,0.0,1150.81
12/10/2023,25800.0,32500.0,0.0,78686.08087324933,0.0,48400.0,0.0,1151.61
13/10/2023,25750.0,32200.0,0.0,78489.36567106622,0.0,49500.0,0.0,1154.73
16/10/2023,25000.0,31800.0,0.0,78587.72327215777,0.0,48600.0,0.0,1141.42
17/10/2023,24800.0,31750.0,0.0,77800.86246342528,0.0,46300.0,0.0,1121.65
18/10/2023,24000.0,31250.0,0.0,75735.35284050248,0.0,44700.0,0.0,1103.4
19/10/2023,23700.0,30650.0,0.0,74653.4192284953,0.0,43000.0,0.0,1087.85
20/10/2023,24350.0,31100.0,0.0,74951.63528532522,0.0,44700.0,0.0,1108.03
23/10/2023,24000.0,30900.0,0.0,73858.1764151149,0.0,43000.0,0.0,1093.53
24/10/2023,24000.0,31350.0,0.0,74355.20317430141,0.0,43000.0,0.0,1105.9
25/10/2023,24050.0,31200.0,0.0,73858.1764151149,0.0,43500.0,0.0,1101.66
26/10/2023,22800.0,29800.0,0.0,73559.96035960299,0.0,42000.0,0.0,1055.45
27/10/2023,23350.0,29550.0,0.0,73162.33895225379,0.0,42000.0,0.0,1060.62
30/10/2023,23000.0,28100.0,0.0,72466.50148939267,0.0,40500.0,0.0,1042.4
31/10/2023,23000.0,27700.0,0.0,71571.85332285697,0.0,37700.0,0.0,1028.19
01/11/2023,23950.0,28200.0,0.0,71571.85332285697,0.0,35100.0,0.0,1039.66
02/11/2023,25250.0,29350.0,0.0,73361.14965592838,0.0,37000.0,0.0,1075.47
03/11/2023,25100.0,31000.0,0.0,73361.14965592838,0.0,38950.0,0.0,1076.78
06/11/2023,25750.0,31000.0,0.0,76144.49950737282,0.0,38050.0,0.0,1089.66
07/11/2023,25800.0,30600.0,0.0,75448.66204451172,0.0,38200.0,0.0,1080.29
08/11/2023,26950.0,31800.0,0.0,76542.12091472204,0.0,39600.0,0.0,1113.43
09/11/2023,26700.0,31500.0,0.0,76045.09415553552,0.0,40300.0,0.0,1113.89
10/11/2023,26500.0,31050.0,0.0,75548.06739634901,0.0,39400.0,0.0,1101.68
13/11/2023,27200.0,30900.0,0.0,75647.47274818632,0.0,40000.0,0.0,1100.07
14/11/2023,27000.0,31500.0,0.0,77635.57978493234,0.0,41500.0,0.0,1109.73
15/11/2023,27000.0,31550.0,0.0,77834.39048860695,0.0,41900.0,0.0,1122.5
16/11/2023,27200.0,31700.0,0.0,77536.17443309505,0.0,41500.0,0.0,1125.53
17/11/2023,26500.0,31150.0,0.0,78430.82259963076,0.0,41400.0,0.0,1101.19
20/11/2023,26650.0,31000.0,0.0,78530.22795146806,0.0,40550.0,0.0,1103.66
21/11/2023,27050.0,30800.0,0.0,80617.74034005139,0.0,40900.0,0.0,1110.46
22/11/2023,27200.0,30950.0,0.0,80717.14569188868,0.0,39800.0,0.0,1113.82
23/11/2023,25850.0,30400.0,0.0,80319.52428453948,0.0,37300.0,0.0,1088.49
24/11/2023,26400.0,30050.0,0.0,79921.90287719028,0.0,38550.0,0.0,1095.61
27/11/2023,26300.0,29300.0,0.0,79027.25471065457,0.0,38000.0,0.0,1088.06
28/11/2023,26700.0,29950.0,0.0,78629.63330330537,0.0,38000.0,0.0,1095.43
29/11/2023,27000.0,29900.0,0.0,79424.87611800377,0.0,38800.0,0.0,1102.8
30/11/2023,26550.0,29500.0,0.0,80021.30822902758,0.0,38500.0,0.0,1094.13
01/12/2023,26900.0,29750.0,0.0,79822.49752535297,0.0,38750.0,0.0,1102.16
04/12/2023,27500.0,30200.0,0.0,80021.30822902758,0.0,39950.0,0.0,1120.49
05/12/2023,27250.0,30050.0,0.0,79524.28146984107,0.0,40000.0,0.0,1115.97
06/12/2023,27600.0,30400.0,0.0,79623.68682167838,0.0,40950.0,0.0,1126.43
07/12/2023,27600.0,30850.0,0.0,78033.20119228156,0.0,40850.0,0.0,1121.49
08/12/2023,27700.0,30950.0,0.0,78132.60654411885,0.0,42600.0,0.0,1124.44
11/12/2023,27500.0,30850.0,0.0,79524.28146984107,0.0,42500.0,0.0,1125.5
12/12/2023,27950.0,31050.0,0.0,79822.49752535297,0.0,42500.0,0.0,1127.63
13/12/2023,27350.0,30500.0,0.0,79921.90287719028,0.0,41700.0,0.0,1114.2
14/12/2023,27050.0,30550.0,0.0,79126.66006249186,0.0,41600.0,0.0,1110.13
15/12/2023,26800.0,30600.0,0.0,78729.03865514266,0.0,40750.0,0.0,1102.3
18/12/2023,26600.0,30050.0,0.0,79027.25471065457,0.0,39600.0,0.0,1091.88
19/12/2023,27200.0,30600.0,0.0,78927.84935881727,0.0,40650.0,0.0,1096.3
20/12/2023,27200.0,30350.0,0.0,79822.49752535297,0.0,42400.0,0.0,1100.76
21/12/2023,27200.0,30650.0,0.0,83401.09019149582,0.0,42650.0,0.0,1102.43
22/12/2023,27050.0,30600.0,0.0,83301.68483965853,0.0,42350.0,0.0,1103.06
25/12/2023,27450.0,30950.0,0.0,83997.52230251963,0.0,42650.0,0.0,1117.66
26/12/2023,27800.0,30800.0,0.0,85090.98117272995,0.0,42700.0,0.0,1122.25
27/12/2023,27750.0,30850.0,0.0,84792.76511721805,0.0,42850.0,0.0,1121.99
28/12/2023,27950.0,31500.0,0.0,84295.73835803154,0.0,43050.0,0.0,1128.93
29/12/2023,27950.0,31800.0,0.0,85488.60258007915,0.0,42800.0,0.0,1129.93
02/01/2024,27450.0,32100.0,0.0,85488.60258007915,0.0,42450.0,0.0,1131.72
03/01/2024,27800.0,32600.0,0.0,85488.60258007915,0.0,43200.0,0.0,1144.17
04/01/2024,27750.0,33100.0,0.0,84096.92765435693,0.0,43200.0,0.0,1150.72
05/01/2024,27800.0,33200.0,0.0,82904.06343230931,0.0,43850.0,0.0,1154.68
08/01/2024,27850.0,34100.0,0.0,83798.71159884502,0.0,43200.0,0.0,1160.19
09/01/2024,27700.0,34500.0,0.0,84991.57582089264,0.0,42700.0,0.0,1158.59
10/01/2024,27350.0,34400.0,0.0,86383.25074661487,0.0,42250.0,0.0,1161.54
11/01/2024,27500.0,34150.0,0.0,85687.41328375376,0.0,42450.0,0.0,1162.22
12/01/2024,27150.0,34650.0,0.0,84494.54906170614,0.0,41900.0,0.0,1154.7
15/01/2024,27100.0,34300.0,0.0,83997.52230251963,0.0,42900.0,0.0,1154.12
16/01/2024,27800.0,34150.0,0.0,85886.22398742836,0.0,44300.0,0.0,1163.12
17/01/2024,27650.0,34050.0,0.0,88073.14172784898,0.0,44900.0,0.0,1162.53
18/01/2024,27650.0,34400.0,0.0,88470.7631351982,0.0,45850.0,0.0,1169.06
19/01/2024,27800.0,34950.0,0.0,87675.52032049978,0.0,46050.0,0.0,1181.5
22/01/2024,28300.0,34950.0,0.0,87178.49356131327,0.0,46150.0,0.0,1182.86
23/01/2024,28350.0,35450.0,0.0,89266.0059498966,0.0,45400.0,0.0,1177.5
24/01/2024,28250.0,35250.0,0.0,88868.3845425474,0.0,44400.0,0.0,1172.97
25/01/2024,28250.0,35000.0,0.0,88967.7898943847,0.0,45200.0,0.0,1170.37
26/01/2024,28350.0,35400.0,0.0,88967.7898943847,0.0,44900.0,0.0,1175.67
29/01/2024,28000.0,35250.0,0.0,90757.08622745612,0.0,44600.0,0.0,1175.69
30/01/2024,28000.0,35200.0,0.0,90856.49157929342,0.0,45400.0,0.0,1179.65
31/01/2024,27750.0,34550.0,0.0,90955.89693113072,0.0,45000.0,0.0,1164.31
01/02/2024,27850.0,34150.0,0.0,91154.70763480532,0.0,46200.0,0.0,1173.02
02/02/2024,27900.0,34150.0,0.0,91353.51833847992,0.0,47400.0,0.0,1172.55
05/02/2024,28000.0,35500.0,0.0,90458.87017194422,0.0,47400.0,0.0,1186.06
06/02/2024,28050.0,35650.0,0.0,90458.87017194422,0.0,47000.0,0.0,1188.48
07/02/2024,28150.0,37300.0,0.0,90657.68087561884,0.0,46600.0,0.0,1198.53
15/02/2024,28700.0,38400.0,0.0,90359.46482010692,0.0,45850.0,0.0,1202.5
16/02/2024,28600.0,38500.0,0.0,89961.84341275772,0.0,46300.0,0.0,1209.7
19/02/2024,29200.0,38900.0,0.0,88172.5470796863,0.0,46800.0,0.0,1224.97
20/02/2024,29200.0,38900.0,0.0,88172.5470796863,0.0,46800.0,0.0,1230.06
21/02/2024,28800.0,39000.0,0.0,87576.11496866248,0.0,46100.0,0.0,1230.04
22/02/2024,28550.0,40300.0,0.0,89067.195246222,0.0,45300.0,0.0,1227.31
23/02/2024,28400.0,40100.0,0.0,87277.89891315058,0.0,44000.0,0.0,1212.0
26/02/2024,28800.0,41200.0,0.0,87973.73637601169,0.0,44350.0,0.0,1224.17
27/02/2024,30350.0,41950.0,0.0,89365.41130173391,0.0,44750.0,0.0,1237.46
28/02/2024,30600.0,42200.0,0.0,89663.62735724582,0.0,45300.0,0.0,1254.55
29/02/2024,31000.0,42200.0,0.0,89862.43806092041,0.0,46200.0,0.0,1252.73
01/03/2024,30850.0,41850.0,0.0,95130.92170829738,0.0,46600.0,0.0,1258.28
04/03/2024,30800.0,41850.0,0.0,95031.51635646008,0.0,47400.0,0.0,1261.41
05/03/2024,31150.0,42200.0,0.0,96224.3805785077,0.0,50000.0,0.0,1269.98
06/03/2024,30800.0,42750.0,0.0,94435.08424543629,0.0,48700.0,0.0,1262.73
07/03/2024,31000.0,42600.0,0.0,95926.1645229958,0.0,49000.0,0.0,1268.46
08/03/2024,30300.0,41000.0,0.0,95926.1645229958,0.0,47750.0,0.0,1247.35
11/03/2024,29900.0,40400.0,0.0,98411.29831892833,0.0,46400.0,0.0,1235.49
12/03/2024,30200.0,41200.0,0.0,98411.29831892833,0.0,46750.0,0.0,1245.0
13/03/2024,30800.0,42000.0,0.0,100896.4321148609,0.0,48550.0,0.0,1270.51
14/03/2024,30350.0,41400.0,0.0,100300.000003837,0.0,47250.0,0.0,1264.26
15/03/2024,30100.0,41400.0,0.0,99500.0,0.0,47350.0,0.0,1263.78
18/03/2024,29600.0,40100.0,0.0,97300.0,0.0,45900.0,0.0,1243.56
19/03/2024,29800.0,40300.0,0.0,96500.0,0.0,45500.0,0.0,1242.46
20/03/2024,30000.0,42300.0,0.0,98200.0,0.0,48000.0,0.0,1260.08
21/03/2024,30250.0,45100.0,0.0,98700.0,0.0,48500.0,0.0,1276.42
22/03/2024,30550.0,44900.0,0.0,98500.0,0.0,49100.0,0.0,1281.8
25/03/2024,30200.0,44800.0,0.0,96000.0,0.0,48300.0,0.0,1267.86
26/03/2024,30550.0,45950.0,0.0,97400.0,0.0,48650.0,0.0,1282.21
27/03/2024,30600.0,45550.0,0.0,97500.0,0.0,50700.0,0.0,1283.09
28/03/2024,30550.0,48000.0,0.0,97700.0,0.0,51000.0,0.0,1290.18
29/03/2024,30250.0,47550.0,0.0,98900.0,0.0,51100.0,0.0,1284.09
01/04/2024,30100.0,47450.0,0.0,98900.0,0.0,51400.0,0.0,1281.52
02/04/2024,30400.0,47650.0,0.0,99000.0,0.0,51600.0,0.0,1287.04
03/04/2024,29950.0,46800.0,0.0,97000.0,0.0,50200.0,0.0,1271.47
04/04/2024,29600.0,46000.0,0.0,97500.0,0.0,50700.0,0.0,1268.25
05/04/2024,29450.0,45200.0,0.0,96900.0,0.0,51000.0,0.0,1255.11
08/04/2024,29600.0,45500.0,0.0,95500.0,0.0,50000.0,0.0,1250.35
09/04/2024,29900.0,45800.0,0.0,97000.0,0.0,52800.0,0.0,1262.82
10/04/2024,29650.0,45650.0,0.0,100600.0,0.0,52000.0,0.0,1258.56
11/04/2024,29900.0,45100.0,0.0,100000.0,0.0,52300.0,0.0,1258.2
12/04/2024,29950.0,47400.0,0.0,103100.0,0.0,52000.0,0.0,1276.6
15/04/2024,28500.0,44400.0,0.0,96500.0,0.0,49900.0,0.0,1216.61
16/04/2024,28350.0,45500.0,0.0,95900.0,0.0,49900.0,0.0,1215.68
17/04/2024,28000.0,44850.0,0.0,92500.0,0.0,49400.0,0.0,1193.01
19/04/2024,27800.0,44500.0,0.0,91500.0,0.0,48200.0,0.0,1174.85
22/04/2024,28000.0,45250.0,0.0,93400.0,0.0,48600.0,0.0,1190.22
23/04/2024,27600.0,46200.0,0.0,92500.0,0.0,49800.0,0.0,1177.4
24/04/2024,28800.0,47000.0,0.0,94300.0,0.0,52300.0,0.0,1205.61
25/04/2024,28550.0,46150.0,0.0,94200.0,0.0,53800.0,0.0,1204.97
26/04/2024,28400.0,46600.0,0.0,95000.0,0.0,54900.0,0.0,1209.52
02/05/2024,28350.0,46850.0,0.0,96100.0,0.0,55600.0,0.0,1216.36
03/05/2024,28650.0,48200.0,0.0,96500.0,0.0,55700.0,0.0,1221.03
06/05/2024,29300.0,48350.0,0.0,95900.0,0.0,58300.0,0.0,1241.58
07/05/2024,30150.0,47900.0,0.0,98000.0,0.0,59300.0,0.0,1248.63
08/05/2024,30700.0,48200.0,0.0,97600.0,0.0,59100.0,0.0,1250.46
09/05/2024,30450.0,48450.0,0.0,96500.0,0.0,58900.0,0.0,1248.64
10/05/2024,30450.0,48500.0,0.0,97500.0,0.0,58900.0,0.0,1244.7
13/05/2024,30200.0,48400.0,0.0,97200.0,0.0,58300.0,0.0,1240.18
14/05/2024,30200.0,47900.0,0.0,96400.0,0.0,60100.0,0.0,1243.28
15/05/2024,31200.0,48100.0,0.0,96700.0,0.0,60800.0,0.0,1254.39
16/05/2024,31600.0,49900.0,0.0,97200.0,0.0,59900.0,0.0,1268.78
17/05/2024,31600.0,49750.0,0.0,99100.0,0.0,59600.0,0.0,1273.11
20/05/2024,32000.0,49700.0,0.0,97400.0,0.0,60000.0,0.0,1277.58
21/05/2024,31850.0,47200.0,0.0,98000.0,0.0,60500.0,0.0,1277.14
22/05/2024,28454.54545454545,46400.0,0.0,98100.0,0.0,61000.0,0.0,1266.91
23/05/2024,28450.0,46500.0,0.0,98100.0,0.0,62000.0,0.0,1281.03
24/05/2024,28900.0,46400.0,0.0,94900.0,0.0,60500.0,0.0,1261.93
27/05/2024,28900.0,46500.0,0.0,94200.0,0.0,60000.0,0.0,1267.68
28/05/2024,29150.0,46900.0,0.0,94900.0,0.0,61500.0,0.0,1281.73
29/05/2024,28600.0,46500.0,0.0,93300.0,0.0,60500.0,0.0,1272.64
30/05/2024,28250.0,46800.0,0.0,92900.0,0.0,62800.0,0.0,1266.32
31/05/2024,28600.0,47000.0,0.0,93900.0,0.0,63600.0,0.0,1261.72
03/06/2024,29000.0,47150.0,0.0,93600.0,0.0,64000.0,0.0,1280.0
04/06/2024,29300.0,47600.0,0.0,94800.0,0.0,63800.0,0.0,1283.52
05/06/2024,29250.0,47500.0,0.0,94400.0,0.0,62000.0,0.0,1284.35
06/06/2024,29300.0,48000.0,0.0,95000.0,0.0,61900.0,0.0,1283.56
07/06/2024,29300.0,49100.0,0.0,94600.0,0.0,62100.0,22450.0,1287.58
10/06/2024,29300.0,48900.0,0.0,94600.0,0.0,63000.0,22650.0,1290.67
11/06/2024,29100.0,49350.0,0.0,94300.0,0.0,62300.0,22550.0,1284.41
12/06/2024,29600.0,49400.0,0.0,96900.0,0.0,63400.0,23100.0,1300.19
13/06/2024,29500.0,49400.0,0.0,97300.0,0.0,64000.0,23550.0,1301.51
14/06/2024,29100.0,49100.0,0.0,95800.0,0.0,63000.0,23100.0,1279.91
17/06/2024,29450.0,48600.0,0.0,96000.0,0.0,62000.0,23250.0,1274.77
18/06/2024,29400.0,48800.0,0.0,96600.0,0.0,62200.0,23250.0,1279.5
19/06/2024,29350.0,48300.0,0.0,96800.0,0.0,63300.0,23300.0,1279.79
20/06/2024,29350.0,24800.0,0.0,97800.0,0.0,63500.0,23250.0,1282.3
21/06/2024,29050.0,24500.0,0.0,97700.0,0.0,63500.0,23200.0,1282.02
24/06/2024,28700.0,23950.0,0.0,97300.0,0.0,62000.0,22650.0,1254.12
25/06/2024,28700.0,24000.0,0.0,96500.0,0.0,62000.0,22600.0,1256.56
26/06/2024,28900.0,24000.0,0.0,96100.0,0.0,62600.0,22500.0,1261.24
27/06/2024,28850.0,23450.0,0.0,95500.0,0.0,63400.0,22500.0,1259.09
28/06/2024,28300.0,23350.0,0.0,95500.0,0.0,62400.0,22200.0,1245.32
01/07/2024,28350.0,22650.0,0.0,94000.0,0.0,65800.0,22450.0,1254.56
02/07/2024,28700.0,22900.0,0.0,95000.0,0.0,66000.0,22700.0,1269.79
03/07/2024,28750.0,23500.0,0.0,94600.0,0.0,65500.0,22900.0,1276.85
04/07/2024,28700.0,23500.0,0.0,94900.0,0.0,65100.0,22800.0,1279.89
05/07/2024,28650.0,23500.0,0.0,95000.0,0.0,65600.0,22800.0,1283.04
08/07/2024,28800.0,23450.0,0.0,95400.0,0.0,67000.0,22700.0,1283.56
09/07/2024,29000.0,23350.0,0.0,98700.0,0.0,66800.0,23150.0,1293.71
10/07/2024,28950.0,23150.0,0.0,98000.0,0.0,65200.0,23300.0,1285.94
11/07/2024,28850.0,22800.0,0.0,97400.0,0.0,64800.0,23100.0,1283.8
12/07/2024,28500.0,22800.0,0.0,97700.0,0.0,64800.0,23000.0,1280.75
15/07/2024,28450.0,22650.0,0.0,97700.0,0.0,64300.0,23050.0,1279.82
16/07/2024,28450.0,22700.0,0.0,97100.0,0.0,64100.0,23550.0,1281.18
17/07/2024,28200.0,23700.0,0.0,95900.0,0.0,63500.0,24500.0,1268.66
18/07/2024,28400.0,23700.0,0.0,96000.0,0.0,65000.0,24900.0,1274.44
19/07/2024,28200.0,23400.0,0.0,95700.0,0.0,65600.0,25400.0,1264.78
22/07/2024,28050.0,23650.0,0.0,94200.0,0.0,65300.0,25200.0,1254.64
23/07/2024,27800.0,23050.0,0.0,93800.0,0.0,62500.0,23900.0,1231.81
24/07/2024,27700.0,23000.0,0.0,94800.0,0.0,61400.0,23950.0,1238.47
25/07/2024,27350.0,22750.0,0.0,94800.0,0.0,61000.0,23950.0,1233.19
26/07/2024,27450.0,22750.0,0.0,96200.0,0.0,61000.0,24300.0,1242.11
29/07/2024,27900.0,22750.0,0.0,96800.0,0.0,62000.0,24100.0,1246.6
30/07/2024,27900.0,22950.0,0.0,96900.0,0.0,63000.0,24500.0,1245.06
31/07/2024,27200.0,23250.0,0.0,97100.0,0.0,63800.0,24400.0,1251.51
01/08/2024,26700.0,23000.0,0.0,97800.0,0.0,62100.0,23400.0,1226.96
02/08/2024,27250.0,23500.0,0.0,99000.0,0.0,62900.0,23800.0,1236.6
05/08/2024,25950.0,22300.0,0.0,95200.0,0.0,61600.0,22950.0,1188.07
06/08/2024,26300.0,22300.0,0.0,95600.0,0.0,62300.0,23400.0,1210.28
07/08/2024,26050.0,21800.0,0.0,95500.0,0.0,62300.0,23350.0,1215.88
08/08/2024,25600.0,20850.0,0.0,94300.0,0.0,62400.0,23050.0,1208.32
09/08/2024,26050.0,21100.0,0.0,95600.0,0.0,65600.0,23450.0,1223.64
12/08/2024,25850.0,21250.0,0.0,97000.0,0.0,66600.0,23700.0,1230.28
13/08/2024,25400.0,21000.0,0.0,97400.0,0.0,66700.0,23600.0,1230.42
14/08/2024,25450.0,21200.0,0.0,97400.0,0.0,66600.0,23400.0,1230.36
15/08/2024,25200.0,21150.0,0.0,96900.0,0.0,65900.0,23250.0,1223.56
16/08/2024,25600.0,21450.0,0.0,98100.0,0.0,69000.0,24050.0,1252.23
19/08/2024,25850.0,21900.0,0.0,104900.0,0.0,69000.0,24050.0,1261.62
20/08/2024,25800.0,21850.0,0.0,108000.0,0.0,69500.0,24250.0,1272.55
21/08/2024,26150.0,22000.0,0.0,108400.0,0.0,69800.0,24750.0,1284.05
22/08/2024,25750.0,22350.0,0.0,109300.0,0.0,70000.0,24400.0,1282.78
23/08/2024,26050.0,22400.0,0.0,108900.0,0.0,70000.0,24550.0,1285.32
26/08/2024,26000.0,22500.0,0.0,102600.0,0.0,69800.0,24450.0,1280.02
27/08/2024,25750.0,22650.0,0.0,103000.0,0.0,69800.0,24400.0,1280.56
28/08/2024,25700.0,23000.0,0.0,101600.0,0.0,69400.0,24650.0,1281.44
29/08/2024,25600.0,23000.0,0.0,101000.0,0.0,69100.0,24850.0,1281.47
30/08/2024,25500.0,23350.0,0.0,102200.0,0.0,69800.0,24850.0,1283.87
04/09/2024,25250.0,23000.0,0.0,101200.0,0.0,69100.0,24400.0,1275.8
05/09/2024,25050.0,22800.0,0.0,100100.0,0.0,67900.0,23950.0,1268.21
06/09/2024,25400.0,22800.0,0.0,99600.0,0.0,68000.0,24000.0,1273.96
09/09/2024,25600.0,22650.0,0.0,99500.0,0.0,67500.0,23950.0,1267.73
10/09/2024,25150.0,22250.0,0.0,99000.0,0.0,67800.0,23750.0,1255.23
11/09/2024,25350.0,22100.0,0.0,99200.0,0.0,67800.0,23900.0,1253.27
12/09/2024,25100.0,22300.0,0.0,99400.0,0.0,67500.0,24000.0,1256.35
13/09/2024,25000.0,22200.0,0.0,99800.0,0.0,67200.0,23900.0,1251.71
16/09/2024,24850.0,22200.0,0.0,99500.0,0.0,66100.0,23900.0,1239.26
17/09/2024,25250.0,22750.0,0.0,100000.0,0.0,66800.0,24250.0,1258.95
18/09/2024,25100.0,23000.0,0.0,100000.0,0.0,68200.0,24400.0,1264.9
19/09/2024,25250.0,23200.0,0.0,98900.0,0.0,68200.0,24400.0,1271.27
20/09/2024,25650.0,23550.0,0.0,98800.0,0.0,68000.0,24750.0,1272.04
23/09/2024,25700.0,23350.0,0.0,99100.0,0.0,67300.0,24800.0,1268.48
24/09/2024,25850.0,23550.0,0.0,99400.0,0.0,68100.0,25250.0,1276.99
25/09/2024,26200.0,23800.0,0.0,99600.0,0.0,68700.0,25750.0,1287.48
26/09/2024,26050.0,24100.0,0.0,99300.0,0.0,68300.0,25700.0,1291.49
27/09/2024,26050.0,24200.0,0.0,99000.0,0.0,67500.0,25700.0,1290.92
30/09/2024,26350.0,24200.0,0.0,98800.0,0.0,68100.0,25700.0,1287.94
01/10/2024,26750.0,24650.0,0.0,98400.0,0.0,67800.0,25650.0,1292.2
02/10/2024,26300.0,24900.0,0.0,98000.0,0.0,67400.0,25700.0,1287.84
03/10/2024,26200.0,24350.0,0.0,97200.0,0.0,66300.0,25500.0,1278.1
04/10/2024,26200.0,24050.0,0.0,95400.0,0.0,66400.0,25100.0,1270.6
07/10/2024,26400.0,24150.0,0.0,95400.0,0.0,66300.0,25200.0,1269.93
08/10/2024,26950.0,24400.0,0.0,94800.0,0.0,65200.0,25200.0,1271.98
09/10/2024,27500.0,24650.0,0.0,94400.0,0.0,64200.0,25600.0,1281.85
10/10/2024,27250.0,24550.0,0.0,95500.0,0.0,65000.0,25500.0,1286.36
11/10/2024,27300.0,24450.0,0.0,95400.0,0.0,64500.0,25550.0,1288.39
14/10/2024,27050.0,24350.0,0.0,94700.0,0.0,63600.0,25850.0,1286.34
15/10/2024,27150.0,24250.0,0.0,94100.0,0.0,64400.0,25650.0,1281.08
16/10/2024,27100.0,24200.0,0.0,94600.0,0.0,65500.0,25500.0,1279.48
17/10/2024,27250.0,24350.0,0.0,95100.0,0.0,65800.0,25900.0,1286.52
18/10/2024,26950.0,24450.0,0.0,94900.0,0.0,65700.0,25750.0,1285.46
21/10/2024,26750.0,24150.0,0.0,94600.0,0.0,65800.0,25550.0,1279.77
22/10/2024,26650.0,24200.0,0.0,93000.0,0.0,66300.0,25250.0,1269.89
23/10/2024,26450.0,24200.0,0.0,93800.0,0.0,65700.0,25250.0,1270.9
24/10/2024,26450.0,23650.0,0.0,94000.0,0.0,65400.0,24700.0,1257.41
25/10/2024,26450.0,23500.0,0.0,94100.0,0.0,65500.0,24650.0,1252.72
28/10/2024,26750.0,23650.0,0.0,94900.0,0.0,65500.0,24800.0,1254.77
29/10/2024,27050.0,23750.0,0.0,96300.0,0.0,66500.0,25000.0,1261.78
30/10/2024,27000.0,24000.0,0.0,95500.0,0.0,66000.0,25000.0,1258.63
31/10/2024,26900.0,23900.0,0.0,94800.0,0.0,66500.0,25050.0,1264.48
01/11/2024,26550.0,23700.0,0.0,91400.0,0.0,66000.0,24600.0,1254.89
04/11/2024,26300.0,23450.0,0.0,92700.0,0.0,65100.0,24450.0,1244.71
05/11/2024,26500.0,23450.0,0.0,93500.0,0.0,65600.0,24450.0,1245.76
06/11/2024,26950.0,23900.0,0.0,94300.0,0.0,65600.0,24850.0,1261.28
07/11/2024,26950.0,23850.0,0.0,93300.0,0.0,65400.0,24800.0,1259.75
08/11/2024,27000.0,23600.0,0.0,93000.0,0.0,65000.0,24550.0,1252.56
11/11/2024,27700.0,23200.0,0.0,92900.0,0.0,63000.0,24300.0,1250.32
12/11/2024,27500.0,23050.0,0.0,93200.0,0.0,60800.0,24100.0,1244.82
13/11/2024,27050.0,23150.0,0.0,93000.0,0.0,61900.0,24150.0,1246.04
14/11/2024,26300.0,22800.0,0.0,93000.0,0.0,61300.0,23800.0,1231.89
15/11/2024,25900.0,22450.0,0.0,91400.0,0.0,59900.0,23500.0,1218.57
18/11/2024,25800.0,22450.0,0.0,91900.0,0.0,58900.0,23400.0,1217.12
19/11/2024,25450.0,22400.0,0.0,91700.0,0.0,57500.0,23150.0,1205.15
20/11/2024,25600.0,22850.0,0.0,92800.0,0.0,56800.0,23550.0,1216.54
21/11/2024,25850.0,23200.0,0.0,94000.0,0.0,58700.0,24000.0,1228.33
22/11/2024,26100.0,23500.0,0.0,92900.0,0.0,59000.0,24000.0,1228.1
25/11/2024,26300.0,23500.0,0.0,92900.0,0.0,59000.0,23950.0,1234.7
26/11/2024,26350.0,23550.0,0.0,92800.0,0.0,60000.0,24100.0,1242.13
27/11/2024,26300.0,23500.0,0.0,93000.0,0.0,60200.0,24100.0,1241.97
28/11/2024,26400.0,23600.0,0.0,92800.0,0.0,60000.0,24000.0,1242.11
29/11/2024,26750.0,23600.0,0.0,92900.0,0.0,60500.0,24150.0,1250.46
02/12/2024,26900.0,23650.0,0.0,94000.0,0.0,60400.0,24150.0,1251.21
03/12/2024,27000.0,23650.0,0.0,93600.0,0.0,59800.0,23950.0,1249.83
04/12/2024,26700.0,23450.0,0.0,94200.0,0.0,58100.0,23850.0,1240.41
05/12/2024,27850.0,24200.0,0.0,96000.0,0.0,61000.0,24550.0,1267.53
06/12/2024,27600.0,24150.0,0.0,96400.0,0.0,61100.0,24350.0,1270.14
09/12/2024,27650.0,24150.0,0.0,96800.0,0.0,61100.0,24400.0,1273.84
10/12/2024,27900.0,24050.0,0.0,97000.0,0.0,60800.0,24250.0,1272.07
11/12/2024,27750.0,24150.0,0.0,96800.0,0.0,60000.0,24300.0,1268.86
12/12/2024,27500.0,24250.0,0.0,96800.0,0.0,60000.0,24300.0,1267.35
13/12/2024,27200.0,24350.0,0.0,97000.0,0.0,61000.0,24250.0,1262.57
16/12/2024,27000.0,24300.0,0.0,98200.0,0.0,61000.0,24100.0,1263.79
17/12/2024,27000.0,24200.0,0.0,97800.0,0.0,60300.0,24150.0,1261.72
18/12/2024,27350.0,24200.0,0.0,97500.0,0.0,60200.0,24200.0,1266.0
19/12/2024,26850.0,23750.0,0.0,97400.0,0.0,59800.0,23850.0,1254.67
20/12/2024,26700.0,23800.0,0.0,97000.0,0.0,60600.0,24000.0,1257.5
23/12/2024,27000.0,23900.0,0.0,97300.0,0.0,61000.0,24050.0,1262.76
24/12/2024,26700.0,24000.0,0.0,97200.0,0.0,61300.0,23900.0,1260.36
25/12/2024,27150.0,24450.0,0.0,97600.0,0.0,62200.0,24450.0,1274.04
26/12/2024,27000.0,24350.0,0.0,97500.0,0.0,61500.0,24900.0,1272.87
27/12/2024,26850.0,24600.0,0.0,97600.0,0.0,61400.0,25050.0,1275.14
30/12/2024,26750.0,24400.0,0.0,97500.0,0.0,61000.0,24800.0,1272.02
31/12/2024,26650.0,24650.0,0.0,97900.0,0.0,61000.0,25100.0,1266.78
02/01/2025,27000.0,24350.0,0.0,97900.0,0.0,60600.0,25200.0,1269.71
03/01/2025,26600.0,23600.0,0.0,96600.0,0.0,58600.0,24700.0,1254.59
06/01/2025,26050.0,23600.0,0.0,96800.0,0.0,57000.0,21217.39130434783,1246.35
07/01/2025,26050.0,23650.0,0.0,94600.0,0.0,57100.0,21650.0,1246.95
08/01/2025,26250.0,23950.0,0.0,96000.0,0.0,58100.0,21600.0,1251.02
09/01/2025,26000.0,23950.0,0.0,95100.0,0.0,57700.0,21500.0,1245.77
10/01/2025,25550.0,23400.0,0.0,93800.0,0.0,57500.0,21150.0,1230.48
13/01/2025,25900.0,23800.0,0.0,94400.0,0.0,57300.0,21500.0,1235.65
14/01/2025,25850.0,23600.0,0.0,95400.0,0.0,57200.0,21300.0,1229.07
15/01/2025,26200.0,23700.0,0.0,94300.0,0.0,57300.0,21350.0,1236.18
16/01/2025,26300.0,23850.0,0.0,95000.0,0.0,57800.0,21400.0,1242.36
17/01/2025,26500.0,24400.0,0.0,95200.0,0.0,57700.0,21500.0,1249.11
20/01/2025,26450.0,24400.0,0.0,96100.0,0.0,57500.0,21850.0,1249.55
21/01/2025,26300.0,24200.0,0.0,95600.0,0.0,57700.0,21850.0,1246.09
22/01/2025,26150.0,24200.0,0.0,95800.0,0.0,57400.0,21800.0,1242.53
23/01/2025,26650.0,24600.0,0.0,97100.0,0.0,59200.0,22200.0,1259.63
24/01/2025,26550.0,24750.0,0.0,97600.0,0.0,60100.0,22400.0,1265.05
03/02/2025,26400.0,24250.0,0.0,98100.0,0.0,59600.0,22050.0,1253.03
04/02/2025,26850.0,24650.0,0.0,98200.0,0.0,59600.0,22450.0,1264.68
05/02/2025,26800.0,24700.0,0.0,98200.0,0.0,59400.0,22500.0,1269.61
06/02/2025,26800.0,25200.0,0.0,99600.0,0.0,59100.0,22600.0,1271.48
07/02/2025,26650.0,25750.0,0.0,98300.0,0.0,58900.0,22750.0,1275.2
10/02/2025,25400.0,25750.0,0.0,95200.0,0.0,57400.0,22900.0,1263.26
11/02/2025,26100.0,25900.0,0.0,94500.0,0.0,56400.0,23000.0,1268.45
12/02/2025,25850.0,25700.0,0.0,95000.0,0.0,56400.0,22700.0,1266.91
13/02/2025,25900.0,25950.0,0.0,95000.0,0.0,54800.0,22900.0,1270.35
14/02/2025,26100.0,26000.0,0.0,95600.0,0.0,55200.0,22850.0,1276.08
17/02/2025,26150.0,25700.0,0.0,95400.0,0.0,54100.0,22650.0,1272.72
18/02/2025,26550.0,25850.0,0.0,93600.0,0.0,54500.0,22700.0,1278.14
19/02/2025,26500.0,26100.0,0.0,95000.0,0.0,55800.0,22850.0,1288.56
20/02/2025,26550.0,26550.0,0.0,94100.0,0.0,56700.0,22850.0,1292.98
21/02/2025,26450.0,26500.0,0.0,94300.0,0.0,58100.0,22900.0,1296.75
24/02/2025,27700.0,26500.0,0.0,94600.0,0.0,58400.0,23000.0,1304.56
25/02/2025,27500.0,26400.0,0.0,95500.0,0.0,58300.0,23400.0,1303.16
26/02/2025,27750.0,26300.0,0.0,95600.0,0.0,58700.0,23200.0,1302.96
27/02/2025,28450.0,26250.0,0.0,94700.0,0.0,58600.0,23200.0,1307.8
28/02/2025,28000.0,26100.0,0.0,94000.0,0.0,58300.0,23000.0,1305.36
03/03/2025,28050.0,26100.0,0.0,94100.0,0.0,58800.0,23100.0,1309.37
04/03/2025,27850.0,27500.0,0.0,94200.0,0.0,59500.0,23400.0,1311.91
05/03/2025,27550.0,27300.0,0.0,93000.0,0.0,59600.0,23550.0,1304.71
06/03/2025,27950.0,27700.0,0.0,93700.0,0.0,61900.0,24100.0,1318.22
07/03/2025,28050.0,27750.0,0.0,93900.0,0.0,61900.0,24500.0,1326.05
10/03/2025,27950.0,27800.0,0.0,93300.0,0.0,62200.0,24500.0,1330.28
11/03/2025,28150.0,28000.0,0.0,93400.0,0.0,63000.0,24800.0,1332.54
12/03/2025,27800.0,27850.0,0.0,91000.0,0.0,62700.0,24600.0,1334.41
13/03/2025,27700.0,27300.0,0.0,90000.0,0.0,61500.0,24300.0,1326.27
14/03/2025,27550.0,27300.0,0.0,87400.0,0.0,61500.0,24300.0,1326.15
17/03/2025,27850.0,27450.0,0.0,87900.0,0.0,62000.0,24300.0,1336.26
18/03/2025,27600.0,27400.0,0.0,88200.0,0.0,61800.0,23900.0,1330.97
19/03/2025,27250.0,27250.0,0.0,88200.0,0.0,59500.0,23850.0,1324.63
20/03/2025,27150.0,27450.0,0.0,89800.0,0.0,60000.0,24250.0,1323.93
21/03/2025,27150.0,27350.0,0.0,89600.0,0.0,60300.0,24300.0,1321.88
24/03/2025,27150.0,28000.0,0.0,88500.0,0.0,60300.0,24400.0,1330.32
25/03/2025,27200.0,27900.0,0.0,87800.0,0.0,60500.0,24200.0,1331.92
26/03/2025,27550.0,28000.0,0.0,86600.0,0.0,60800.0,24000.0,1326.09
27/03/2025,27500.0,27750.0,0.0,84900.0,0.0,60400.0,23900.0,1323.81
28/03/2025,27150.0,27550.0,0.0,82000.0,0.0,59800.0,23900.0,1317.46
31/03/2025,26750.0,27500.0,0.0,83300.0,0.0,59000.0,24100.0,1306.86
01/04/2025,27000.0,27950.0,0.0,83400.0,0.0,58600.0,24600.0,1317.33
02/04/2025,27250.0,27900.0,0.0,82500.0,0.0,58800.0,24350.0,1317.83
03/04/2025,25350.0,25950.0,0.0,76800.0,0.0,54700.0,22650.0,1229.84
04/04/2025,24600.0,25700.0,0.0,72500.0,0.0,52800.0,22450.0,1210.67
08/04/2025,22900.0,23950.0,0.0,67500.0,0.0,49150.0,20900.0,1132.79
09/04/2025,21300.0,23600.0,0.0,62800.0,0.0,46250.0,20650.0,1094.3
10/04/2025,22750.0,25250.0,0.0,67100.0,0.0,49450.0,22050.0,1168.34
11/04/2025,24300.0,26600.0,0.0,71700.0,0.0,52900.0,23450.0,1222.46
14/04/2025,25350.0,26550.0,0.0,73700.0,0.0,56600.0,23450.0,1241.44
15/04/2025,25850.0,26000.0,0.0,71500.0,0.0,57100.0,23000.0,1227.79
16/04/2025,25500.0,25800.0,0.0,68600.0,0.0,56800.0,22900.0,1210.3
17/04/2025,25500.0,26000.0,0.0,69800.0,0.0,56800.0,23000.0,1217.25
18/04/2025,25450.0,26000.0,0.0,72500.0,0.0,56200.0,23250.0,1219.12
21/04/2025,24950.0,25750.0,0.0,69500.0,0.0,55600.0,22950.0,1207.07
22/04/2025,25050.0,25150.0,0.0,67100.0,0.0,57300.0,23100.0,1197.13
23/04/2025,25550.0,26100.0,0.0,68800.0,0.0,58800.0,23400.0,1211.0
24/04/2025,25600.0,25750.0,0.0,71000.0,0.0,59700.0,23250.0,1223.35
25/04/2025,25700.0,25950.0,0.0,70100.0,0.0,60500.0,23550.0,1229.23
28/04/2025,25650.0,26000.0,0.0,70800.0,0.0,60900.0,23700.0,1226.8
29/04/2025,25500.0,26300.0,0.0,71100.0,0.0,60800.0,23550.0,1226.3
05/05/2025,25700.0,26500.0,0.0,70800.0,0.0,61000.0,23550.0,1240.05
06/05/2025,25450.0,26850.0,0.0,73600.0,0.0,60500.0,23550.0,1241.95
07/05/2025,25400.0,27000.0,0.0,72800.0,0.0,60100.0,23250.0,1250.37
08/05/2025,25700.0,27400.0,0.0,74000.0,0.0,60300.0,23550.0,1269.8
09/05/2025,25650.0,27600.0,0.0,76400.0,0.0,60400.0,23500.0,1267.3
12/05/2025,25400.0,29400.0,0.0,78600.0,0.0,60800.0,23800.0,1283.26
13/05/2025,25800.0,29400.0,0.0,82200.0,0.0,63500.0,24500.0,1293.43
14/05/2025,26150.0,29850.0,0.0,86000.0,0.0,64000.0,24500.0,1309.73
15/05/2025,26150.0,29900.0,0.0,84400.0,0.0,64300.0,25050.0,1313.2
16/05/2025,25800.0,29450.0,0.0,81000.0,0.0,63800.0,24650.0,1301.39
19/05/2025,25650.0,29500.0,0.0,81600.0,0.0,63700.0,24600.0,1296.29
20/05/2025,25650.0,30950.0,0.0,82300.0,0.0,64700.0,24850.0,1315.15
21/05/2025,25750.0,30900.0,0.0,80700.0,0.0,64300.0,25050.0,1323.05
22/05/2025,25650.0,30500.0,0.0,78900.0,0.0,64300.0,24650.0,1313.84
23/05/2025,25600.0,30150.0,0.0,79000.0,0.0,64200.0,24650.0,1314.46
26/05/2025,25550.0,30350.0,0.0,80500.0,0.0,64500.0,24800.0,1332.51
27/05/2025,25550.0,30600.0,0.0,80300.0,0.0,64300.0,24750.0,1339.81
28/05/2025,25600.0,30500.0,0.0,79300.0,0.0,64400.0,24600.0,1341.87
29/05/2025,25550.0,30800.0,0.0,84000.0,0.0,64300.0,24500.0,1341.86
30/05/2025,25750.0,30450.0,0.0,82500.0,0.0,62100.0,24350.0,1332.6
02/06/2025,25550.0,30850.0,0.0,78200.0,0.0,61000.0,24600.0,1336.3
03/06/2025,26000.0,31600.0,0.0,77800.0,0.0,62400.0,24700.0,1347.25
04/06/2025,25950.0,31350.0,0.0,78900.0,0.0,61300.0,24550.0,1345.74
05/06/2025,25750.0,31100.0,0.0,77900.0,0.0,61700.0,24400.0,1342.09
06/06/2025,26050.0,30300.0,0.0,75700.0,0.0,60500.0,24150.0,1329.89
09/06/2025,26300.0,29750.0,0.0,74600.0,0.0,60500.0,24250.0,1310.57
10/06/2025,26200.0,30050.0,0.0,76100.0,0.0,61500.0,24200.0,1316.23
11/06/2025,26100.0,30100.0,0.0,76000.0,0.0,61900.0,24250.0,1315.2
12/06/2025,26800.0,30950.0,0.0,78300.0,0.0,63500.0,24700.0,1322.99
13/06/2025,22000.0,31200.0,0.0,78000.0,0.0,63200.0,24850.0,1315.49
16/06/2025,22291.66666666667,32300.0,0.0,82000.0,0.0,64300.0,25100.0,1338.11
17/06/2025,22375.0,32400.0,0.0,81100.0,0.0,64400.0,25000.0,1347.69
18/06/2025,22625.0,32800.0,0.0,80000.0,0.0,63700.0,25050.0,1346.83
19/06/2025,22416.66666666667,34000.0,0.0,80300.0,0.0,64000.0,25100.0,1352.04
20/06/2025,22500.0,34000.0,0.0,79600.0,0.0,64100.0,25800.0,1349.35
23/06/2025,22375.0,33800.0,0.0,80500.0,0.0,65000.0,25900.0,1358.18
24/06/2025,22500.0,34000.0,0.0,80200.0,0.0,64900.0,25900.0,1366.77
25/06/2025,22666.66666666667,33800.0,0.0,79600.0,0.0,65000.0,25600.0,1366.75
26/06/2025,22800.0,34050.0,0.0,80900.0,0.0,64500.0,25900.0,1365.67
27/06/2025,22850.0,33950.0,0.0,81900.0,0.0,65800.0,25700.0,1371.44
30/06/2025,22700.0,34200.0,0.0,83100.0,0.0,65500.0,25800.0,1376.07
01/07/2025,22650.0,34400.0,0.0,83400.0,0.0,64500.0,26000.0,1377.84
02/07/2025,22900.0,35000.0,0.0,82900.0,0.0,64800.0,26050.0,1384.59
03/07/2025,23100.0,34850.0,0.0,82500.0,0.0,65400.0,25950.0,1381.96
04/07/2025,23250.0,34950.0,0.0,82700.0,0.0,66300.0,26000.0,1386.97
07/07/2025,23600.0,35300.0,0.0,82500.0,0.0,66500.0,26400.0,1402.06
08/07/2025,24700.0,35300.0,0.0,82300.0,0.0,67200.0,26400.0,1415.46
09/07/2025,24750.0,34900.0,0.0,82800.0,0.0,67700.0,26600.0,1431.32
10/07/2025,25150.0,34800.0,0.0,82300.0,0.0,68000.0,26450.0,1445.64
11/07/2025,26000.0,34950.0,0.0,83200.0,0.0,67900.0,26700.0,1457.76
14/07/2025,25750.0,35100.0,0.0,87600.0,0.0,69000.0,26800.0,1470.42
15/07/2025,25500.0,34800.0,0.0,86700.0,0.0,69300.0,26600.0,1460.65
16/07/2025,26100.0,35250.0,0.0,88000.0,0.0,70000.0,26700.0,1475.47
17/07/2025,26000.0,35150.0,0.0,86300.0,0.0,70500.0,26750.0,1490.01
18/07/2025,25900.0,36250.0,0.0,86200.0,0.0,70700.0,27200.0,1497.28
21/07/2025,26200.0,35450.0,0.0,85000.0,0.0,70000.0,26950.0,1485.05
22/07/2025,26450.0,35350.0,0.0,85900.0,0.0,70400.0,27150.0,1509.54
23/07/2025,26400.0,35000.0,0.0,86000.0,0.0,70500.0,27400.0,1512.31
24/07/2025,26000.0,35050.0,0.0,86000.0,0.0,69500.0,28400.0,1521.02
25/07/2025,26050.0,35200.0,0.0,86400.0,0.0,70100.0,28450.0,1531.13
28/07/2025,26350.0,35600.0,0.0,86000.0,0.0,70200.0,28750.0,1557.42
29/07/2025,25350.0,33900.0,0.0,84300.0,0.0,66600.0,26850.0,1493.41
30/07/2025,25400.0,34500.0,0.0,85500.0,0.0,67100.0,27400.0,1507.63
31/07/2025,24950.0,34000.0,0.0,84400.0,0.0,65300.0,27450.0,1502.52
01/08/2025,25150.0,34100.0,0.0,90300.0,0.0,65200.0,27150.0,1495.21
04/08/2025,25300.0,35350.0,0.0,86500.0,0.0,67000.0,27800.0,1528.19
05/08/2025,26400.0,37000.0,0.0,85500.0,0.0,69300.0,29700.0,1547.15
06/08/2025,27100.0,38200.0,0.0,86300.0,0.0,72400.0,30600.0,1573.71
07/08/2025,28500.0,38400.0,0.0,86400.0,0.0,72400.0,30750.0,1581.81
08/08/2025,28000.0,37850.0,0.0,85800.0,0.0,72000.0,30550.0,1584.95
11/08/2025,28150.0,37750.0,0.0,86500.0,0.0,72100.0,31800.0,1596.86
12/08/2025,28500.0,37700.0,0.0,87500.0,0.0,72200.0,24318.18181800168,1608.22
13/08/2025,28100.0,37500.0,0.0,88000.0,0.0,70900.0,25800.0,1611.6
14/08/2025,28200.0,38400.0,0.0,88000.0,0.0,71900.0,27600.0,1640.69
15/08/2025,28000.0,37600.0,0.0,86200.0,0.0,70500.0,28250.0,1630.0
18/08/2025,28400.0,37950.0,0.0,85000.0,0.0,70000.0,27800.0,1636.37
19/08/2025,28150.0,39200.0,0.0,84900.0,0.0,68000.0,28200.0,1654.2
20/08/2025,27400.0,40500.0,0.0,85300.0,0.0,69400.0,27800.0,1664.36
21/08/2025,27400.0,41550.0,0.0,85600.0,0.0,71000.0,28200.0,1688.0
22/08/2025,26000.0,39000.0,0.0,84800.0,0.0,70300.0,26900.0,1645.47
25/08/2025,25950.0,37550.0,0.0,83500.0,0.0,68800.0,26200.0,1614.03
26/08/2025,27200.0,39350.0,0.0,84200.0,0.0,73600.0,27550.0,1667.63
27/08/2025,26750.0,38950.0,0.0,85300.0,0.0,75000.0,27400.0,1672.78
28/08/2025,27100.0,39600.0,0.0,85600.0,0.0,77300.0,27200.0,1680.86
29/08/2025,27500.0,39600.0,0.0,85600.0,0.0,78000.0,27750.0,1682.21
03/09/2025,28150.0,39600.0,0.0,86300.0,0.0,75800.0,28450.0,1681.3
04/09/2025,29850.0,39600.0,0.0,88400.0,0.0,77500.0,28250.0,1696.29
05/09/2025,28800.0,39500.0,0.0,87200.0,0.0,75000.0,27400.0,1666.97
08/09/2025,28900.0,38000.0,0.0,84800.0,0.0,74000.0,26700.0,1624.53
09/09/2025,28850.0,38500.0,0.0,85700.0,0.0,76000.0,26650.0,1637.32
10/09/2025,28850.0,39000.0,0.0,86200.0,0.0,75500.0,26950.0,1643.26
11/09/2025,29150.0,38700.0,0.0,86200.0,0.0,78800.0,26700.0,1657.75
12/09/2025,30000.0,38600.0,0.0,88000.0,0.0,79000.0,26600.0,1667.26
15/09/2025,30350.0,39000.0,0.0,88200.0,0.0,79500.0,26850.0,1684.9
16/09/2025,29950.0,39350.0,0.0,88700.0,0.0,80300.0,27500.0,1680.9
17/09/2025,29200.0,38700.0,0.0,87100.0,0.0,78000.0,27000.0,1670.97
18/09/2025,29150.0,38800.0,0.0,88100.0,0.0,78500.0,26800.0,1665.18
19/09/2025,29250.0,38400.0,0.0,88500.0,131000.0,78600.0,26650.0,1658.62
22/09/2025,28400.0,37500.0,0.0,87900.0,130900.0,76500.0,26150.0,1634.45
23/09/2025,28650.0,37500.0,0.0,87900.0,129000.0,77800.0,26350.0,1635.26
24/09/2025,29050.0,38800.0,0.0,87600.0,131800.0,79200.0,26800.0,1657.46
25/09/2025,28800.0,38900.0,0.0,86200.0,131200.0,79000.0,26550.0,1666.09
26/09/2025,28550.0,38700.0,0.0,84700.0,130000.0,77900.0,26250.0,1660.7
29/09/2025,28600.0,37750.00000092548,0.0,83500.0,128900.0,77000.0,26150.0,1666.48
30/09/2025,28150.0,37850.0,0.0,83100.0,128000.0,77700.0,26200.0,1661.7
01/10/2025,28300.0,38550.0,0.0,83400.0,126300.0,77700.0,26400.0,1665.05
02/10/2025,28100.0,38850.0,0.0,83100.0,124000.0,77100.0,26800.0,1652.71
03/10/2025,27650.0,38350.0,0.0,83000.0,123000.0,77000.0,26550.0,1645.82
06/10/2025,29200.0,39400.0,0.0,84200.0,125200.0,77600.0,27350.0,1695.5
07/10/2025,29000.0,39000.0,0.0,84900.0,130500.0,78000.0,26850.0,1685.3
08/10/2025,29200.0,38600.0,0.0,84000.0,133600.0,80800.0,26850.0,1697.83
09/10/2025,28950.0,38950.0,0.0,85000.0,137300.0,81500.0,27350.0,1716.47
10/10/2025,29600.0,39350.0,0.0,85000.0,143600.0,82000.0,27450.0,1747.55
13/10/2025,29000.0,41300.0,0.0,84900.0,142200.0,83000.0,27350.0,1765.12
14/10/2025,28350.0,40800.0,0.0,84700.0,142200.0,84200.0,27050.0,1761.06
15/10/2025,28250.0,40800.0,0.0,86100.0,142000.0,83300.0,27250.0,1757.95
16/10/2025,28250.0,41250.0,0.0,92100.0,139500.0,84500.0,27200.0,1766.85
17/10/2025,28000.0,40650.0,0.0,90100.0,138900.0,84500.0,27100.0,1731.19
20/10/2025,26050.0,37850.0,0.0,83900.0,129200.0,80900.0,25250.0,1636.43
21/10/2025,26800.0,37650.0,0.0,86900.0,138200.0,83000.0,25300.0,1663.43
22/10/2025,26700.0,38000.0,0.0,87700.0,144400.0,84500.0,25450.0,1678.5
23/10/2025,26500.0,37250.0,0.0,92300.0,142500.0,85700.0,25200.0,1687.06
24/10/2025,26400.0,36100.0,0.0,95000.0,147500.0,85700.0,24400.0,1683.18
27/10/2025,26250.0,35050.0,0.0,93500.0,146300.0,81000.0,23800.0,1652.54
28/10/2025,26800.0,36000.0,0.0,94900.0,148000.0,84200.0,24000.0,1680.5
29/10/2025,27250.0,36400.0,0.0,95500.0,145000.0,84100.0,24350.0,1685.83
30/10/2025,26900.0,35700.0,0.0,94600.0,148100.0,83900.0,23950.0,1669.57
31/10/2025,26700.0,35100.0,0.0,94600.0,148400.0,82600.0,23600.0,1639.65
03/11/2025,26050.0,33600.0,0.0,92900.0,147000.0,81000.0,23100.0,1617.0
04/11/2025,26750.0,35000.0,0.0,90000.0,143000.0,81800.0,24000.0,1651.98
05/11/2025,26300.0,34100.0,0.0,91400.0,143000.0,80200.0,23900.0,1654.89
06/11/2025,26100.0,33600.0,0.0,90000.0,143000.0,80300.0,23700.0,1642.64
07/11/2025,26050.0,33000.0,0.0,87500.0,139500.0,76500.0,23300.0,1599.1
10/11/2025,26450.0,33400.0,0.0,87000.0,139100.0,76800.0,23100.0,1580.54
11/11/2025,26600.0,33650.0,0.0,89100.0,141900.0,78000.0,23200.0,1593.61
12/11/2025,27000.0,35000.0,0.0,89400.0,144000.0,80500.0,23700.0,1631.86
13/11/2025,26550.0,35100.0,0.0,90300.0,145100.0,80100.0,23500.0,1631.44
14/11/2025,26900.0,35100.0,0.0,90000.0,146000.0,81400.0,23500.0,1635.46
17/11/2025,27300.0,35150.0,0.0,89800.0,146600.0,82400.0,23800.0,1654.42
18/11/2025,27500.0,35350.0,0.0,89400.0,148500.0,83000.0,23700.0,1659.92
19/11/2025,27600.0,34800.0,0.0,89300.0,147000.0,82400.0,23500.0,1649.0
20/11/2025,27250.0,34600.0,0.0,87800.0,142200.0,81000.0,23350.0,1655.99
21/11/2025,27400.0,34250.0,0.0,87100.0,142300.0,80000.0,23200.0,1654.93
24/11/2025,27100.0,33950.0,0.0,87500.0,140400.0,79300.0,23150.0,1667.98
25/11/2025,26900.0,33450.0,0.0,87000.0,142000.0,78500.0,22850.0,1660.36
26/11/2025,27100.0,33850.0,0.0,87200.0,145100.0,80200.0,23250.0,1680.36
27/11/2025,26900.0,33750.0,0.0,90200.0,146100.0,80000.0,23500.0,1684.32
28/11/2025,26550.0,33750.0,0.0,91000.0,147000.0,79900.0,23250.0,1690.99
01/12/2025,26500.0,33200.0,0.0,91600.0,145000.0,80000.0,23200.0,1701.67
02/12/2025,26500.0,34200.0,0.0,91600.0,145000.0,80000.0,23550.0,1717.06
03/12/2025,26800.0,34900.0,0.0,91400.0,155100.0,84700.0,24550.0,1731.77
04/12/2025,27300.0,35400.0,0.0,90300.0,158500.0,85800.0,25700.0,1737.24
05/12/2025,27000.0,34700.0,0.0,91600.0,160000.0,85100.0,25150.0,1741.32
08/12/2025,26750.0,34200.0,0.0,89400.0,157300.0,84900.0,25300.0,1753.74
09/12/2025,26400.0,33800.0,0.0,88500.0,154500.0,84000.0,24700.0,1747.17
10/12/2025,26650.0,33700.0,0.0,88100.0,149600.0,83000.0,25150.0,1718.98
11/12/2025,26550.0,33400.0,0.0,88000.0,150000.0,82300.0,24850.0,1698.9
12/12/2025,26000.0,32000.0,0.0,89800.0,140000.0,78500.0,24000.0,1646.89
15/12/2025,26250.0,32000.0,93800.0,90900.0,140100.0,77700.0,23750.0,1646.01
16/12/2025,26700.0,33000.0,94900.0,92400.0,142600.0,82000.0,24450.0,1679.18
17/12/2025,26400.0,32600.0,95900.0,92400.0,143000.0,81900.0,24400.0,1673.66
18/12/2025,26400.0,33000.0,94400.0,91900.0,143300.0,81600.0,24650.0,1676.98
19/12/2025,26700.0,33600.0,93900.0,92500.0,144000.0,82900.0,24700.0,1704.31
22/12/2025,26900.0,35200.0,93700.0,93900.0,147000.0,85000.0,25250.0,1751.03
23/12/2025,26750.0,34800.0,94000.0,93400.0,147500.0,87500.0,25100.0,1772.15
24/12/2025,26550.0,34950.0,93600.0,95800.0,146600.0,88000.0,25300.0,1782.82
25/12/2025,26250.0,34000.0,93000.0,95400.0,146000.0,86000.0,25000.0,1742.85
26/12/2025,26900.0,33900.0,92500.0,95900.0,144200.0,87000.0,24850.0,1729.8
29/12/2025,26700.0,34050.0,94300.0,96000.0,146000.0,87100.0,24850.0,1754.84
30/12/2025,26500.0,34350.0,96500.0,96800.0,147700.0,88500.0,25000.0,1766.9
31/12/2025,26400.0,34900.0,95800.0,97000.0,149500.0,88400.0,25300.0,1784.49
05/01/2026,25950.0,34950.0,95000.0,98500.0,153100.0,87400.0,25350.0,1788.4
06/01/2026,25950.0,36000.0,94000.0,98700.0,152400.0,88800.0,26650.0,1816.27
07/01/2026,26600.0,36400.0,97500.0,102600.0,152600.0,89800.0,26700.0,1861.58
08/01/2026,26400.0,36000.0,96500.0,102999.9999963356,146000.0,87500.0,26600.0,1855.56
09/01/2026,26200.0,36650.0,97400.0,103000.0,143500.0,86000.0,27300.0,1867.9
12/01/2026,27500.0,38000.0,99500.0,103200.0,145000.0,87500.0,28200.0,1877.33
13/01/2026,27250.0,37350.0,98900.0,102900.0,144600.0,87100.0,27550.0,1902.93
14/01/2026,27250.0,36500.0,99800.0,101500.0,145000.0,86000.0,27150.0,1894.44
15/01/2026,27600.0,35600.0,98500.0,101500.0,146000.0,84000.0,27250.0,1864.8
16/01/2026,27600.0,35800.0,105300.0,107700.0,155000.0,87000.0,27050.0,1879.13
19/01/2026,27700.0,36300.0,105800.0,114200.0,153400.0,86700.0,27500.0,1896.59
20/01/2026,27250.0,35950.0,104100.0,111900.0,152800.0,86000.0,27400.0,1893.78
21/01/2026,26800.0,35800.0,105000.0,109900.0,152800.0,85400.0,27000.0,1885.44
22/01/2026,26850.0,36000.0,103500.0,110400.0,153300.0,86500.0,26950.0,1882.73
23/01/2026,26750.0,36500.0,101000.0,112400.0,151800.0,85800.0,26950.0,1870.79
26/01/2026,26300.0,35650.0,98500.0,116800.0,145100.0,84100.0,26100.0,1843.72
27/01/2026,26450.0,34950.0,102100.0,116000.0,154700.0,85000.0,26500.0,1830.5
28/01/2026,26700.0,34500.0,104500.0,118500.0,160300.0,85500.0,26550.0,1802.91
29/01/2026,27100.0,34900.0,106100.0,126500.0,165000.0,89500.0,26700.0,1814.98
30/01/2026,26800.0,35900.0,104500.0,127000.0,169900.0,92900.0,27200.0,1829.04
02/02/2026,26550.0,35000.0,104300.0,118200.0,175500.0,93700.0,27300.0,1806.5
03/02/2026,26750.0,34700.0,103900.0,120000.0,174000.0,91500.0,27700.0,1813.4
04/02/2026,28300.0,34550.0,101900.0,119700.0,174900.0,91800.0,27800.0,1791.43
05/02/2026,27550.0,34850.0,99000.0,116200.0,170000.0,90200.0,27050.0,1782.56
06/02/2026,26800.0,34600.0,97600.0,108900.0,160400.0,88400.0,27350.0,1755.49
09/02/2026,26750.0,34750.0,99000.0,112900.0,164000.0,89300.0,27600.0,1754.82
10/02/2026,26550.0,34600.0,97800.0,112900.0,165000.0,89300.0,27850.0,1754.03
11/02/2026,26850.0,35300.0,98600.0,115900.0,167000.0,91900.0,29000.0,1796.85
12/02/2026,26900.0,35450.0,98800.0,118500.0,167000.0,92900.0,28350.0,1814.09
13/02/2026,26850.0,35450.0,96300.0,120000.0,170000.0,92800.0,28300.0,1824.09
23/02/2026,27500.0,35850.0,94500.0,120200.0,171900.0,92000.0,28350.0,1860.14
24/02/2026,28300.0,35800.0,92500.0,120500.0,171000.0,92200.0,28250.0,1867.62
25/02/2026,29300.0,36000.0,89100.0,119500.0,171000.0,93000.0,28750.0,1860.91
26/02/2026,29400.0,36450.0,90500.0,120000.0,170900.0,93600.0,28800.0,1879.64
27/02/2026,28800.0,36250.0,92900.0,121900.0,169000.0,93100.0,28500.0,1880.33
02/03/2026,28500.0,34650.0,89600.0,124500.0,169000.0,90000.0,27650.0,1846.1
03/03/2026,27700.0,33600.0,87000.0,122000.0,165000.0,88200.0,27050.0,1813.14
04/03/2026,27700.0,32500.0,85100.0,120900.0,163800.0,88800.0,26950.0,1818.27
05/03/2026,27250.0,32200.0,84400.0,116000.0,159000.0,85200.0,27050.0,1808.51
06/03/2026,27250.0,31450.0,81600.0,114500.0,150600.0,82700.0,26700.0,1767.84
09/03/2026,25350.0,29250.0,75900.0,106500.0,140100.0,77000.0,24850.0,1652.79
10/03/2026,27100.0,30300.0,79500.0,113500.0,145200.0,81000.0,26550.0,1676.73
11/03/2026,27400.0,31100.0,80200.0,119000.0,155300.0,86500.0,26800.0,1728.34
12/03/2026,26800.0,30000.0,77700.0,117900.0,153600.0,84600.0,26250.0,1709.61
13/03/2026,26650.0,30000.0,77000.0,116900.0,149100.0,82000.0,26150.0,1696.24
16/03/2026,26750.0,30200.0,78200.0,118000.0,150500.0,80600.0,26100.0,1693.21
17/03/2026,26900.0,30300.0,79400.0,117700.0,152200.0,82700.0,26350.0,1710.29
18/03/2026,26800.0,30300.0,78600.0,115000.0,149700.0,83700.0,26300.0,1713.83
19/03/2026,26700.0,30050.0,76800.0,114900.0,149000.0,82400.0,26400.0,1699.13
20/03/2026,25900.0,29850.0,74600.0,114200.0,148600.0,79700.0,25950.0,1647.81
23/03/2026,25500.0,28900.0,73100.0,106300.0,150000.0,74200.0,25000.0,1591.17
24/03/2026,25950.0,29850.0,75400.0,108500.0,158000.0,76000.0,25600.0,1614.77
25/03/2026,26350.0,30800.0,77000.0,111000.0,158600.0,79200.0,26000.0,1658.19
26/03/2026,25900.0,30150.0,74200.0,106000.0,158000.0,78500.0,25800.0,1644.63
27/03/2026,26500.0,30650.0,76100.0,109900.0,162500.0,81000.0,26150.0,1672.8
30/03/2026,26900.0,30500.0,74000.0,108000.0,158000.0,80800.0,25750.0,1662.54
31/03/2026,26900.0,30700.0,74700.0,108000.0,157000.0,81800.0,26450.0,1674.49
01/04/2026,27150.0,30800.0,75300.0,109300.0,157000.0,82400.0,26500.0,1702.93
02/04/2026,27350.0,30350.0,74700.0,108900.0,154000.0,81800.0,26300.0,1694.82
03/04/2026,26650.0,29750.0,74000.0,108800.0,152000.0,79300.0,25950.0,1684.04
06/04/2026,26850.0,29050.0,73900.0,104600.0,148000.0,78300.0,25650.0,1674.99
07/04/2026,26800.0,28700.0,74000.0,100000.0,149500.0,78000.0,25600.0,1677.54
08/04/2026,28000.0,30700.0,79100.0,107000.0,153100.0,81900.0,26600.0,1756.55
09/04/2026,28250.0,30900.0,78300.0,110000.0,150000.0,80700.0,26500.0,1736.68
10/04/2026,28000.0,32250.0,77700.0,109000.0,152000.0,81500.0,26700.0,1750.0
13/04/2026,27800.0,31900.0,76000.0,110000.0,149000.0,81300.0,26450.0,1758.96
14/04/2026,28550.0,32050.0,76200.0,109500.0,150500.0,81600.0,26700.0,1775.65
15/04/2026,28050.0,31850.0,75100.0,109200.0,151000.0,80000.0,26600.0,1800.65
16/04/2026,27950.0,31900.0,74100.0,108900.0,151000.0,81300.0,26300.0,1819.83
17/04/2026,28000.0,32250.0,76000.0,111000.0,152100.0,86900.0,26450.0,1817.17
20/04/2026,28450.0,32600.0,76900.0,115000.0,150800.0,87300.0,26350.0,1837.11
21/04/2026,28550.0,32700.0,75100.0,111900.0,151000.0,85600.0,26300.0,1833.48
22/04/2026,28200.0,33000.0,74600.0,73333.33333333333,149900.0,86400.0,26200.0,1857.3
23/04/2026,27800.0,33300.0,74300.0,71700.0,146700.0,84500.0,26400.0,1870.36
24/04/2026,27900.0,34250.0,73400.0,70000.0,144500.0,83500.0,26200.0,1853.29
28/04/2026,27750.0,34600.0,74400.0,67000.0,147500.0,85600.0,26000.0,1875.84
29/04/2026,27750.0,33850.0,75500.0,67300.0,149000.0,84000.0,26050.0,1854.1
04/05/2026,27600.0,33550.0,73700.0,68300.0,148000.0,84900.0,26100.0,1854.06
05/05/2026,27300.0,33300.0,74300.0,67400.0,148900.0,84800.0,25950.0,1874.85
06/05/2026,27600.0,33900.0,73300.0,68000.0,147800.0,86000.0,26050.0,1891.2
07/05/2026,27750.0,33700.0,73000.0,69100.0,145700.0,86000.0,26100.0,1909.01
08/05/2026,27350.00000131594,33850.0,71900.0,70100.0,145000.0,84600.0,26150.0,1915.37
11/05/2026,27000.0,33800.0,70000.0,69100.0,138000.0,83500.0,26000.0,1895.5
12/05/2026,26900.0,33800.0,70600.0,69500.0,138300.0,83800.0,25900.0,1901.1
13/05/2026,27100.0,33600.0,70700.0,69600.0,137500.0,83700.0,25800.0,1898.37
14/05/2026,27050.0,34000.0,73900.0,69500.0,136000.0,84200.0,25850.0,1925.46
15/05/2026,26550.0,34050.0,72900.0,67300.0,134000.0,82000.0,25650.0,1921.6
18/05/2026,26450.0,33300.00000068559,74900.0,64700.0,134000.0,79000.0,25500.0,1927.94
19/05/2026,26250.0,32600.0,74500.0,65000.0,132700.0,78200.0,25050.0,1912.93
20/05/2026,26200.0,32450.0,77700.0,65800.0,132000.0,77200.0,24600.0,1913.23
21/05/2026,26550.0,32250.0,76500.0,65300.0,131400.0,79500.0,24800.0,1896.89
22/05/2026,26350.0,32200.0,75100.0,65500.0,129300.0,79400.0,24650.0,1877.13
25/05/2026,24100.0,32550.0,73500.0,64300.0,130100.0,78700.0,24800.0,1886.03
26/05/2026,24250.0,32900.0,74500.0,65200.0,130200.0,78500.0,25500.0,1884.18
27/05/2026,24150.0,33650.0,72599.99999879659,65300.0,131000.0,80000.0,25400.0,1874.43
28/05/2026,24000.0,32600.0,71200.0,65900.0,131000.0,77700.0,25000.0,1863.67
29/05/2026,24000.0,32750.0,71600.0,65800.0,130200.0,76300.0,25000.0,1863.49
01/06/2026,24050.0,32350.0,72900.0,65800.0,127100.0,79100.0,25100.0,1844.54
02/06/2026,23700.0,31900.0,74800.0,65000.0,127700.0,77900.0,24650.0,1826.47
03/06/2026,24150.0,31550.0,76500.0,65400.0,128100.0,78500.0,25200.0,1819.01
04/06/2026,23950.0,31450.0,76100.0,65000.0,127000.0,78400.0,25000.0,1831.55
05/06/2026,23750.0,31700.0,75000.0,65700.0,124800.0,78000.0,25000.0,1838.9
08/06/2026,23300.0,30850.0,72900.0,65100.0,124500.0,76400.0,24600.0,1790.53
09/06/2026,23550.0,30900.0,73700.0,64800.0,122400.0,77400.0,24650.0,1793.05
10/06/2026,23600.0,30950.0,74200.0,64000.0,121000.0,78200.0,24700.0,1803.71
11/06/2026,23300.0,30850.0,73100.0,62000.0,119000.0,76900.0,24750.0,1798.61
12/06/2026,23200.0,31250.0,73500.0,62000.0,121000.0,76400.0,24850.0,1791.65
15/06/2026,24350.0,31700.0,73600.0,65000.0,123800.0,79400.0,25200.0,1799.31
16/06/2026,24200.0,31750.0,73200.0,68200.0,130900.0,79400.0,25100.0,1807.94
17/06/2026,24000.0,31450.0,72300.0,68000.0,132000.0,79100.0,25200.0,1806.2
18/06/2026,23650.0,31200.0,71600.0,68000.0,130000.0,78700.0,25250.0,1830.47
19/06/2026,23600.0,30950.0,71500.0,67100.0,130000.0,78000.0,25000.0,1824.53
22/06/2026,23600.0,30900.0,70600.0,66000.0,130500.0,77200.0,24800.0,1857.91
23/06/2026,23300.0,32050.0,70800.0,65200.0,128800.0,76000.0,24800.0,1869.04
24/06/2026,23500.0,32500.0,70800.0,65500.0,128800.0,77800.0,24800.0,1878.02
25/06/2026,23400.0,33400.0,71000.0,64100.0,127800.0,77200.0,24700.0,1863.07
26/06/2026,23500.0,33400.0,70800.0,63500.0,124000.0,78500.0,24750.0,1871.91
29/06/2026,23650.0,33800.0,70400.0,63200.0,119000.0,79000.0,25100.0,1854.97
30/06/2026,23300.0,33500.0,70200.0,63000.0,120000.0,78100.0,25200.0,1860.01
01/07/2026,23450.0,34300.0,72900.0,62700.0,122100.0,80000.0,25750.0,1867.21
02/07/2026,23400.0,33850.0,72500.0,63100.0,122000.0,79700.0,25650.0,1866.35
03/07/2026,23250.0,33600.0,72300.0,58700.0,120400.0,78900.0,25600.0,1862.08
06/07/2026,23100.0,33750.0,73000.0,54600.0,116200.0,78000.0,25300.0,1843.5
07/07/2026,23100.0,33850.0,73200.0,50800.0,117000.0,77500.0,25750.0,1848.25
08/07/2026,23200.0,33750.0,72100.0,52000.0,116400.0,78800.0,26000.0,1853.7
09/07/2026,23200.0,33150.0,72100.0,50000.0,115500.0,78500.0,24750.0,1840.7
10/07/2026,22950.0,32400.0,70600.0,46600.0,113900.0,76600.0,24650.0,1828.34
13/07/2026,22400.0,32350.0,70500.0,43850.0,113300.0,76000.0,24450.0,1800.54
14/07/2026,22500.0,32200.0,70300.0,46900.0,113600.0,76800.0,24550.0,1806.63
15/07/2026,22400.0,31500.0,66800.0,43650.0,113000.0,76200.0,23950.0,1782.12
16/07/2026,22200.0,31900.0,68000.0,40900.0,111400.0,76700.0,24150.0,1804.24
17/07/2026,21850.0,31450.0,67000.0,43000.0,111800.0,76700.0,23750.0,1787.45
20/07/2026,20600.0,29950.0,67100.0,41000.0,109900.0,75200.0,22800.0,1743.51
21/07/2026,20800.0,29800.0,64800.0,38150.0,110900.0,75900.0,22700.0,1730.56
22/07/2026,20700.0,29000.0,64600.0,35500.0,105000.0,70600.0,22350.0,1668.53
23/07/2026,20800.0,29250.0,64700.0,33050.0,109000.0,71500.0,22050.0,1699.38
24/07/2026,20800.0,28600.0,62900.0,30750.0,107800.0,68000.0,21900.0,1686.11
27/07/2026,20350.0,28250.0,62200.0,32900.0,107800.0,63300.0,21650.0,1669.01
28/07/2026,21000.0,28500.0,63000.0,32650.0,107700.0,65200.0,22150.0,1680.62
29/07/2026,21650.0,28400.0,65100.0,32750.0,108700.0,66500.0,22100.0,1704.68
30/07/2026,21800.0,29300.0,67000.0,32500.0,116300.0,69800.0,22500.0,1744.66
31/07/2026,21700.0,28950.0,67100.0,31000.0,124400.0,69900.0,22500.0,1735.78
03/08/2026,22550.0,29950.0,71700.0,33150.0,133100.0,72500.0,24000.0,1762.84
04/08/2026,22150.0,29650.0,71500.0,35450.0,133100.0,72100.0,24400.0,1777.23
05/08/2026,22000.0,29650.0,70300.0,37900.0,135000.0,72200.0,24300.0,1776.46
06/08/2026,21850.0,29200.0,70700.0,36450.0,132100.0,71200.0,23900.0,1764.78
07/08/2026,22000.0,29700.0,70800.0,36000.0,132000.0,71000.0,24150.0,1768.06
10/08/2026,22100.0,31350.0,71800.0,35950.0,137000.0,73000.0,20200.0000000833,1776.77
11/08/2026,22050.0,31000.0,71200.0,34850.0,146500.0,73200.0,20500.0,1773.41
12/08/2026,22100.0,31500.0,70800.0,35050.0,148000.0,74000.0,20450.0,1793.18
13/08/2026,21700.0,31700.0,69200.0,35300.0,146900.0,73600.0,20150.0,1765.63
14/08/2026,21250.0,32000.0,68300.0,36500.0,142900.0,72400.0,20000.0,1729.08
17/08/2026,21200.0,31800.0,68800.0,36200.0,147000.0,73500.0,19900.0,1727.46
18/08/2026,21000.0,30850.0,69000.0,35050.0,145100.0,72800.0,19950.0,1732.02
19/08/2026,21200.0,31000.0,68900.0,35700.0,143000.0,72200.0,19950.0,1726.69
20/08/2026,21150.0,31000.0,69800.0,37300.0,145000.0,72700.0,20300.0,1734.24
21/08/2026,21700.0,31650.0,72000.0,39900.0,143500.0,75000.0,20850.0,1768.12
24/08/2026,22250.0,31450.0,71400.0,42650.0,147500.0,75100.0,20750.0,1788.78
25/08/2026,21800.0,31300.0,70700.0,42650.0,145000.0,73900.0,20650.0,1791.41
